date,Year,Month,parish,price_m2,imputed_flag
2016-08-01,2016,8,Alvalade,11.1,0
2016-08-01,2016,8,Areeiro,11.1,0
2016-08-01,2016,8,Arroios,11.8,0
2016-08-01,2016,8,Avenidas Novas,12.1,0
2016-08-01,2016,8,Belém,10.433333333333334,1
2016-08-01,2016,8,Benfica,8.9,0
2016-08-01,2016,8,Campo de Ourique,11.2,0
2016-08-01,2016,8,Campolide,11.0,0
2016-08-01,2016,8,Estrela,12.5,0
2016-08-01,2016,8,Lumiar,9.2,0
2016-08-01,2016,8,Misericórdia,17.5,0
2016-08-01,2016,8,Parque das Nações,12.7,0
2016-08-01,2016,8,Penha de França,10.3,0
2016-08-01,2016,8,Santa Maria Maior,18.0,0
2016-08-01,2016,8,Santo António,13.1,0
2016-08-01,2016,8,São Domingos de Benfica,10.6,0
2016-08-01,2016,8,São Vicente,12.0,0
2016-09-01,2016,9,Alvalade,10.8,0
2016-09-01,2016,9,Areeiro,10.8,0
2016-09-01,2016,9,Arroios,11.7,0
2016-09-01,2016,9,Avenidas Novas,12.2,0
2016-09-01,2016,9,Belém,10.966666666666667,1
2016-09-01,2016,9,Benfica,9.3,0
2016-09-01,2016,9,Campo de Ourique,11.2,0
2016-09-01,2016,9,Campolide,11.8,0
2016-09-01,2016,9,Estrela,13.0,0
2016-09-01,2016,9,Lumiar,9.2,0
2016-09-01,2016,9,Misericórdia,20.0,0
2016-09-01,2016,9,Parque das Nações,12.9,0
2016-09-01,2016,9,Penha de França,10.6,0
2016-09-01,2016,9,Santa Maria Maior,20.0,0
2016-09-01,2016,9,Santo António,13.2,0
2016-09-01,2016,9,São Domingos de Benfica,10.5,0
2016-09-01,2016,9,São Vicente,15.0,0
2016-10-01,2016,10,Alvalade,10.2,0
2016-10-01,2016,10,Areeiro,11.5,0
2016-10-01,2016,10,Arroios,12.2,0
2016-10-01,2016,10,Avenidas Novas,12.2,0
2016-10-01,2016,10,Belém,11.5,0
2016-10-01,2016,10,Benfica,9.6,0
2016-10-01,2016,10,Campo de Ourique,11.7,0
2016-10-01,2016,10,Campolide,12.0,0
2016-10-01,2016,10,Estrela,13.3,0
2016-10-01,2016,10,Lumiar,9.6,0
2016-10-01,2016,10,Misericórdia,20.0,0
2016-10-01,2016,10,Parque das Nações,12.7,0
2016-10-01,2016,10,Penha de França,10.7,0
2016-10-01,2016,10,Santa Maria Maior,21.1,0
2016-10-01,2016,10,Santo António,13.6,0
2016-10-01,2016,10,São Domingos de Benfica,11.0,0
2016-10-01,2016,10,São Vicente,15.6,0
2016-11-01,2016,11,Alvalade,10.8,0
2016-11-01,2016,11,Areeiro,11.6,0
2016-11-01,2016,11,Arroios,12.9,0
2016-11-01,2016,11,Avenidas Novas,12.1,0
2016-11-01,2016,11,Belém,11.5,0
2016-11-01,2016,11,Benfica,9.0,0
2016-11-01,2016,11,Campo de Ourique,12.2,0
2016-11-01,2016,11,Campolide,13.6,0
2016-11-01,2016,11,Estrela,13.3,0
2016-11-01,2016,11,Lumiar,10.2,0
2016-11-01,2016,11,Misericórdia,20.0,0
2016-11-01,2016,11,Parque das Nações,12.7,0
2016-11-01,2016,11,Penha de França,10.0,0
2016-11-01,2016,11,Santa Maria Maior,23.9,0
2016-11-01,2016,11,Santo António,15.0,0
2016-11-01,2016,11,São Domingos de Benfica,10.8,0
2016-11-01,2016,11,São Vicente,17.5,0
2016-12-01,2016,12,Alvalade,11.1,0
2016-12-01,2016,12,Areeiro,11.7,0
2016-12-01,2016,12,Arroios,13.4,0
2016-12-01,2016,12,Avenidas Novas,11.6,0
2016-12-01,2016,12,Belém,12.4,0
2016-12-01,2016,12,Benfica,8.9,0
2016-12-01,2016,12,Campo de Ourique,11.8,0
2016-12-01,2016,12,Campolide,14.1,0
2016-12-01,2016,12,Estrela,13.3,0
2016-12-01,2016,12,Lumiar,10.2,0
2016-12-01,2016,12,Misericórdia,20.0,0
2016-12-01,2016,12,Parque das Nações,12.8,0
2016-12-01,2016,12,Penha de França,10.0,0
2016-12-01,2016,12,Santa Maria Maior,25.0,0
2016-12-01,2016,12,Santo António,16.9,0
2016-12-01,2016,12,São Domingos de Benfica,10.7,0
2016-12-01,2016,12,São Vicente,16.7,0
2017-01-01,2017,1,Alvalade,12.3,0
2017-01-01,2017,1,Areeiro,11.5,0
2017-01-01,2017,1,Arroios,13.9,0
2017-01-01,2017,1,Avenidas Novas,11.8,0
2017-01-01,2017,1,Belém,12.1,0
2017-01-01,2017,1,Benfica,8.7,0
2017-01-01,2017,1,Campo de Ourique,13.6,0
2017-01-01,2017,1,Campolide,14.2,0
2017-01-01,2017,1,Estrela,13.5,0
2017-01-01,2017,1,Lumiar,10.5,0
2017-01-01,2017,1,Misericórdia,21.7,0
2017-01-01,2017,1,Parque das Nações,12.8,0
2017-01-01,2017,1,Penha de França,10.0,0
2017-01-01,2017,1,Santa Maria Maior,25.7,0
2017-01-01,2017,1,Santo António,18.3,0
2017-01-01,2017,1,São Domingos de Benfica,10.8,0
2017-01-01,2017,1,São Vicente,16.7,0
2017-02-01,2017,2,Alvalade,12.1,0
2017-02-01,2017,2,Areeiro,11.1,0
2017-02-01,2017,2,Arroios,13.7,0
2017-02-01,2017,2,Avenidas Novas,12.4,0
2017-02-01,2017,2,Belém,12.6,0
2017-02-01,2017,2,Benfica,9.1,0
2017-02-01,2017,2,Campo de Ourique,13.3,0
2017-02-01,2017,2,Campolide,14.3,0
2017-02-01,2017,2,Estrela,13.1,0
2017-02-01,2017,2,Lumiar,10.1,0
2017-02-01,2017,2,Misericórdia,21.7,0
2017-02-01,2017,2,Parque das Nações,13.0,0
2017-02-01,2017,2,Penha de França,10.8,0
2017-02-01,2017,2,Santa Maria Maior,25.5,0
2017-02-01,2017,2,Santo António,18.0,0
2017-02-01,2017,2,São Domingos de Benfica,10.8,0
2017-02-01,2017,2,São Vicente,16.7,0
2017-03-01,2017,3,Alvalade,11.4,0
2017-03-01,2017,3,Areeiro,11.2,0
2017-03-01,2017,3,Arroios,13.2,0
2017-03-01,2017,3,Avenidas Novas,12.4,0
2017-03-01,2017,3,Belém,12.8,0
2017-03-01,2017,3,Benfica,9.1,0
2017-03-01,2017,3,Campo de Ourique,13.4,0
2017-03-01,2017,3,Campolide,13.8,0
2017-03-01,2017,3,Estrela,13.2,0
2017-03-01,2017,3,Lumiar,10.7,0
2017-03-01,2017,3,Misericórdia,21.3,0
2017-03-01,2017,3,Parque das Nações,13.2,0
2017-03-01,2017,3,Penha de França,10.7,0
2017-03-01,2017,3,Santa Maria Maior,22.1,0
2017-03-01,2017,3,Santo António,18.0,0
2017-03-01,2017,3,São Domingos de Benfica,11.3,0
2017-03-01,2017,3,São Vicente,16.7,0
2017-04-01,2017,4,Alvalade,11.7,0
2017-04-01,2017,4,Areeiro,11.4,0
2017-04-01,2017,4,Arroios,13.1,0
2017-04-01,2017,4,Avenidas Novas,12.3,0
2017-04-01,2017,4,Belém,12.3,0
2017-04-01,2017,4,Benfica,9.4,0
2017-04-01,2017,4,Campo de Ourique,13.9,0
2017-04-01,2017,4,Campolide,14.0,0
2017-04-01,2017,4,Estrela,13.9,0
2017-04-01,2017,4,Lumiar,10.7,0
2017-04-01,2017,4,Misericórdia,20.0,0
2017-04-01,2017,4,Parque das Nações,13.0,0
2017-04-01,2017,4,Penha de França,10.8,0
2017-04-01,2017,4,Santa Maria Maior,21.8,0
2017-04-01,2017,4,Santo António,17.8,0
2017-04-01,2017,4,São Domingos de Benfica,11.5,0
2017-04-01,2017,4,São Vicente,16.0,0
2017-05-01,2017,5,Alvalade,11.7,0
2017-05-01,2017,5,Areeiro,12.1,0
2017-05-01,2017,5,Arroios,13.5,0
2017-05-01,2017,5,Avenidas Novas,12.4,0
2017-05-01,2017,5,Belém,12.6,0
2017-05-01,2017,5,Benfica,10.3,0
2017-05-01,2017,5,Campo de Ourique,14.4,0
2017-05-01,2017,5,Campolide,14.7,0
2017-05-01,2017,5,Estrela,13.4,0
2017-05-01,2017,5,Lumiar,10.9,0
2017-05-01,2017,5,Misericórdia,19.3,0
2017-05-01,2017,5,Parque das Nações,12.8,0
2017-05-01,2017,5,Penha de França,11.7,0
2017-05-01,2017,5,Santa Maria Maior,21.3,0
2017-05-01,2017,5,Santo António,16.7,0
2017-05-01,2017,5,São Domingos de Benfica,11.7,0
2017-05-01,2017,5,São Vicente,14.5,0
2017-06-01,2017,6,Alvalade,11.5,0
2017-06-01,2017,6,Areeiro,12.4,0
2017-06-01,2017,6,Arroios,14.8,0
2017-06-01,2017,6,Avenidas Novas,14.1,0
2017-06-01,2017,6,Belém,12.6,0
2017-06-01,2017,6,Benfica,10.8,0
2017-06-01,2017,6,Campo de Ourique,14.0,0
2017-06-01,2017,6,Campolide,15.1,0
2017-06-01,2017,6,Estrela,14.3,0
2017-06-01,2017,6,Lumiar,11.0,0
2017-06-01,2017,6,Misericórdia,20.0,0
2017-06-01,2017,6,Parque das Nações,13.0,0
2017-06-01,2017,6,Penha de França,11.9,0
2017-06-01,2017,6,Santa Maria Maior,20.5,0
2017-06-01,2017,6,Santo António,16.7,0
2017-06-01,2017,6,São Domingos de Benfica,11.3,0
2017-06-01,2017,6,São Vicente,15.0,0
2017-07-01,2017,7,Alvalade,12.2,0
2017-07-01,2017,7,Areeiro,13.4,0
2017-07-01,2017,7,Arroios,14.8,0
2017-07-01,2017,7,Avenidas Novas,14.4,0
2017-07-01,2017,7,Belém,12.9,0
2017-07-01,2017,7,Benfica,10.8,0
2017-07-01,2017,7,Campo de Ourique,12.7,0
2017-07-01,2017,7,Campolide,14.5,0
2017-07-01,2017,7,Estrela,15.0,0
2017-07-01,2017,7,Lumiar,11.0,0
2017-07-01,2017,7,Misericórdia,20.0,0
2017-07-01,2017,7,Parque das Nações,13.3,0
2017-07-01,2017,7,Penha de França,11.7,0
2017-07-01,2017,7,Santa Maria Maior,20.0,0
2017-07-01,2017,7,Santo António,16.2,0
2017-07-01,2017,7,São Domingos de Benfica,11.8,0
2017-07-01,2017,7,São Vicente,14.5,0
2017-08-01,2017,8,Alvalade,12.7,0
2017-08-01,2017,8,Areeiro,13.1,0
2017-08-01,2017,8,Arroios,14.7,0
2017-08-01,2017,8,Avenidas Novas,14.4,0
2017-08-01,2017,8,Belém,12.6,0
2017-08-01,2017,8,Benfica,10.8,0
2017-08-01,2017,8,Campo de Ourique,13.5,0
2017-08-01,2017,8,Campolide,13.4,0
2017-08-01,2017,8,Estrela,15.0,0
2017-08-01,2017,8,Lumiar,11.0,0
2017-08-01,2017,8,Misericórdia,19.2,0
2017-08-01,2017,8,Parque das Nações,13.4,0
2017-08-01,2017,8,Penha de França,11.6,0
2017-08-01,2017,8,Santa Maria Maior,19.2,0
2017-08-01,2017,8,Santo António,15.8,0
2017-08-01,2017,8,São Domingos de Benfica,11.6,0
2017-08-01,2017,8,São Vicente,14.2,0
2017-09-01,2017,9,Alvalade,12.9,0
2017-09-01,2017,9,Areeiro,13.5,0
2017-09-01,2017,9,Arroios,14.9,0
2017-09-01,2017,9,Avenidas Novas,14.3,0
2017-09-01,2017,9,Belém,12.2,0
2017-09-01,2017,9,Benfica,10.8,0
2017-09-01,2017,9,Campo de Ourique,13.9,0
2017-09-01,2017,9,Campolide,14.3,0
2017-09-01,2017,9,Estrela,14.9,0
2017-09-01,2017,9,Lumiar,11.4,0
2017-09-01,2017,9,Misericórdia,17.7,0
2017-09-01,2017,9,Parque das Nações,13.7,0
2017-09-01,2017,9,Penha de França,11.7,0
2017-09-01,2017,9,Santa Maria Maior,18.9,0
2017-09-01,2017,9,Santo António,16.7,0
2017-09-01,2017,9,São Domingos de Benfica,11.6,0
2017-09-01,2017,9,São Vicente,14.4,0
2017-10-01,2017,10,Alvalade,13.3,0
2017-10-01,2017,10,Areeiro,12.9,0
2017-10-01,2017,10,Arroios,14.2,0
2017-10-01,2017,10,Avenidas Novas,14.7,0
2017-10-01,2017,10,Belém,12.3,0
2017-10-01,2017,10,Benfica,11.0,0
2017-10-01,2017,10,Campo de Ourique,14.3,0
2017-10-01,2017,10,Campolide,14.0,0
2017-10-01,2017,10,Estrela,15.0,0
2017-10-01,2017,10,Lumiar,11.7,0
2017-10-01,2017,10,Misericórdia,17.7,0
2017-10-01,2017,10,Parque das Nações,13.6,0
2017-10-01,2017,10,Penha de França,11.9,0
2017-10-01,2017,10,Santa Maria Maior,18.6,0
2017-10-01,2017,10,Santo António,16.4,0
2017-10-01,2017,10,São Domingos de Benfica,12.2,0
2017-10-01,2017,10,São Vicente,15.0,0
2017-11-01,2017,11,Alvalade,13.3,0
2017-11-01,2017,11,Areeiro,13.4,0
2017-11-01,2017,11,Arroios,13.6,0
2017-11-01,2017,11,Avenidas Novas,15.0,0
2017-11-01,2017,11,Belém,13.0,0
2017-11-01,2017,11,Benfica,10.6,0
2017-11-01,2017,11,Campo de Ourique,15.2,0
2017-11-01,2017,11,Campolide,13.9,0
2017-11-01,2017,11,Estrela,15.0,0
2017-11-01,2017,11,Lumiar,12.3,0
2017-11-01,2017,11,Misericórdia,17.4,0
2017-11-01,2017,11,Parque das Nações,13.6,0
2017-11-01,2017,11,Penha de França,12.4,0
2017-11-01,2017,11,Santa Maria Maior,17.2,0
2017-11-01,2017,11,Santo António,18.0,0
2017-11-01,2017,11,São Domingos de Benfica,12.4,0
2017-11-01,2017,11,São Vicente,14.1,0
2017-12-01,2017,12,Alvalade,13.2,0
2017-12-01,2017,12,Areeiro,13.8,0
2017-12-01,2017,12,Arroios,14.3,0
2017-12-01,2017,12,Avenidas Novas,15.0,0
2017-12-01,2017,12,Belém,13.4,0
2017-12-01,2017,12,Benfica,10.2,0
2017-12-01,2017,12,Campo de Ourique,15.6,0
2017-12-01,2017,12,Campolide,13.7,0
2017-12-01,2017,12,Estrela,15.2,0
2017-12-01,2017,12,Lumiar,12.4,0
2017-12-01,2017,12,Misericórdia,17.5,0
2017-12-01,2017,12,Parque das Nações,13.5,0
2017-12-01,2017,12,Penha de França,13.0,0
2017-12-01,2017,12,Santa Maria Maior,18.3,0
2017-12-01,2017,12,Santo António,18.0,0
2017-12-01,2017,12,São Domingos de Benfica,12.5,0
2017-12-01,2017,12,São Vicente,14.4,0
2018-01-01,2018,1,Alvalade,14.0,0
2018-01-01,2018,1,Areeiro,14.0,0
2018-01-01,2018,1,Arroios,14.4,0
2018-01-01,2018,1,Avenidas Novas,15.8,0
2018-01-01,2018,1,Belém,13.8,0
2018-01-01,2018,1,Benfica,11.45,1
2018-01-01,2018,1,Campo de Ourique,15.7,0
2018-01-01,2018,1,Campolide,14.3,0
2018-01-01,2018,1,Estrela,15.4,0
2018-01-01,2018,1,Lumiar,11.9,0
2018-01-01,2018,1,Misericórdia,17.9,0
2018-01-01,2018,1,Parque das Nações,13.6,0
2018-01-01,2018,1,Penha de França,13.0,0
2018-01-01,2018,1,Santa Maria Maior,19.2,0
2018-01-01,2018,1,Santo António,18.0,0
2018-01-01,2018,1,São Domingos de Benfica,13.0,0
2018-01-01,2018,1,São Vicente,14.5,0
2018-02-01,2018,2,Alvalade,14.0,0
2018-02-01,2018,2,Areeiro,13.8,0
2018-02-01,2018,2,Arroios,14.6,0
2018-02-01,2018,2,Avenidas Novas,15.2,0
2018-02-01,2018,2,Belém,13.7,0
2018-02-01,2018,2,Benfica,12.7,0
2018-02-01,2018,2,Campo de Ourique,15.3,0
2018-02-01,2018,2,Campolide,14.9,0
2018-02-01,2018,2,Estrela,15.0,0
2018-02-01,2018,2,Lumiar,12.4,0
2018-02-01,2018,2,Misericórdia,18.2,0
2018-02-01,2018,2,Parque das Nações,14.0,0
2018-02-01,2018,2,Penha de França,13.1,0
2018-02-01,2018,2,Santa Maria Maior,20.0,0
2018-02-01,2018,2,Santo António,18.2,0
2018-02-01,2018,2,São Domingos de Benfica,13.0,0
2018-02-01,2018,2,São Vicente,14.7,0
2018-03-01,2018,3,Alvalade,13.3,0
2018-03-01,2018,3,Areeiro,13.7,0
2018-03-01,2018,3,Arroios,14.7,0
2018-03-01,2018,3,Avenidas Novas,15.2,0
2018-03-01,2018,3,Belém,14.1,0
2018-03-01,2018,3,Benfica,12.7,0
2018-03-01,2018,3,Campo de Ourique,14.7,0
2018-03-01,2018,3,Campolide,15.0,0
2018-03-01,2018,3,Estrela,15.6,0
2018-03-01,2018,3,Lumiar,12.7,0
2018-03-01,2018,3,Misericórdia,18.8,0
2018-03-01,2018,3,Parque das Nações,14.1,0
2018-03-01,2018,3,Penha de França,13.3,0
2018-03-01,2018,3,Santa Maria Maior,20.1,0
2018-03-01,2018,3,Santo António,18.1,0
2018-03-01,2018,3,São Domingos de Benfica,13.3,0
2018-03-01,2018,3,São Vicente,14.4,0
2018-04-01,2018,4,Alvalade,13.9,0
2018-04-01,2018,4,Areeiro,13.9,0
2018-04-01,2018,4,Arroios,14.8,0
2018-04-01,2018,4,Avenidas Novas,15.9,0
2018-04-01,2018,4,Belém,13.5,0
2018-04-01,2018,4,Benfica,12.0,0
2018-04-01,2018,4,Campo de Ourique,15.0,0
2018-04-01,2018,4,Campolide,15.0,0
2018-04-01,2018,4,Estrela,16.1,0
2018-04-01,2018,4,Lumiar,12.9,0
2018-04-01,2018,4,Misericórdia,18.2,0
2018-04-01,2018,4,Parque das Nações,14.6,0
2018-04-01,2018,4,Penha de França,13.1,0
2018-04-01,2018,4,Santa Maria Maior,18.2,0
2018-04-01,2018,4,Santo António,20.3,0
2018-04-01,2018,4,São Domingos de Benfica,13.1,0
2018-04-01,2018,4,São Vicente,14.4,0
2018-05-01,2018,5,Alvalade,14.1,0
2018-05-01,2018,5,Areeiro,13.9,0
2018-05-01,2018,5,Arroios,15.0,0
2018-05-01,2018,5,Avenidas Novas,15.8,0
2018-05-01,2018,5,Belém,14.2,0
2018-05-01,2018,5,Benfica,11.8,0
2018-05-01,2018,5,Campo de Ourique,15.6,0
2018-05-01,2018,5,Campolide,14.9,0
2018-05-01,2018,5,Estrela,15.7,0
2018-05-01,2018,5,Lumiar,12.7,0
2018-05-01,2018,5,Misericórdia,18.2,0
2018-05-01,2018,5,Parque das Nações,14.8,0
2018-05-01,2018,5,Penha de França,12.9,0
2018-05-01,2018,5,Santa Maria Maior,18.4,0
2018-05-01,2018,5,Santo António,20.0,0
2018-05-01,2018,5,São Domingos de Benfica,12.8,0
2018-05-01,2018,5,São Vicente,15.6,0
2018-06-01,2018,6,Alvalade,14.1,0
2018-06-01,2018,6,Areeiro,13.7,0
2018-06-01,2018,6,Arroios,15.6,0
2018-06-01,2018,6,Avenidas Novas,15.4,0
2018-06-01,2018,6,Belém,14.8,0
2018-06-01,2018,6,Benfica,12.0,0
2018-06-01,2018,6,Campo de Ourique,15.5,0
2018-06-01,2018,6,Campolide,14.8,0
2018-06-01,2018,6,Estrela,14.3,0
2018-06-01,2018,6,Lumiar,12.4,0
2018-06-01,2018,6,Misericórdia,18.6,0
2018-06-01,2018,6,Parque das Nações,15.3,0
2018-06-01,2018,6,Penha de França,12.5,0
2018-06-01,2018,6,Santa Maria Maior,18.7,0
2018-06-01,2018,6,Santo António,19.6,0
2018-06-01,2018,6,São Domingos de Benfica,13.0,0
2018-06-01,2018,6,São Vicente,15.0,0
2018-07-01,2018,7,Alvalade,14.4,0
2018-07-01,2018,7,Areeiro,12.5,0
2018-07-01,2018,7,Arroios,15.4,0
2018-07-01,2018,7,Avenidas Novas,15.3,0
2018-07-01,2018,7,Belém,15.0,0
2018-07-01,2018,7,Benfica,11.8,0
2018-07-01,2018,7,Campo de Ourique,15.6,0
2018-07-01,2018,7,Campolide,14.5,0
2018-07-01,2018,7,Estrela,14.8,0
2018-07-01,2018,7,Lumiar,12.2,0
2018-07-01,2018,7,Misericórdia,18.8,0
2018-07-01,2018,7,Parque das Nações,15.4,0
2018-07-01,2018,7,Penha de França,12.8,0
2018-07-01,2018,7,Santa Maria Maior,17.6,0
2018-07-01,2018,7,Santo António,18.1,0
2018-07-01,2018,7,São Domingos de Benfica,12.9,0
2018-07-01,2018,7,São Vicente,15.0,0
2018-08-01,2018,8,Alvalade,14.1,0
2018-08-01,2018,8,Areeiro,13.1,0
2018-08-01,2018,8,Arroios,15.1,0
2018-08-01,2018,8,Avenidas Novas,15.5,0
2018-08-01,2018,8,Belém,15.4,0
2018-08-01,2018,8,Benfica,11.8,0
2018-08-01,2018,8,Campo de Ourique,15.7,0
2018-08-01,2018,8,Campolide,14.7,0
2018-08-01,2018,8,Estrela,16.3,0
2018-08-01,2018,8,Lumiar,12.3,0
2018-08-01,2018,8,Misericórdia,18.8,0
2018-08-01,2018,8,Parque das Nações,15.9,0
2018-08-01,2018,8,Penha de França,13.0,0
2018-08-01,2018,8,Santa Maria Maior,17.6,0
2018-08-01,2018,8,Santo António,17.2,0
2018-08-01,2018,8,São Domingos de Benfica,12.5,0
2018-08-01,2018,8,São Vicente,14.6,0
2018-09-01,2018,9,Alvalade,14.4,0
2018-09-01,2018,9,Areeiro,13.0,0
2018-09-01,2018,9,Arroios,15.8,0
2018-09-01,2018,9,Avenidas Novas,15.6,0
2018-09-01,2018,9,Belém,14.6,0
2018-09-01,2018,9,Benfica,11.8,0
2018-09-01,2018,9,Campo de Ourique,15.8,0
2018-09-01,2018,9,Campolide,14.8,0
2018-09-01,2018,9,Estrela,16.9,0
2018-09-01,2018,9,Lumiar,12.4,0
2018-09-01,2018,9,Misericórdia,18.5,0
2018-09-01,2018,9,Parque das Nações,15.9,0
2018-09-01,2018,9,Penha de França,13.2,0
2018-09-01,2018,9,Santa Maria Maior,17.8,0
2018-09-01,2018,9,Santo António,17.8,0
2018-09-01,2018,9,São Domingos de Benfica,12.8,0
2018-09-01,2018,9,São Vicente,14.8,0
2018-10-01,2018,10,Alvalade,14.8,0
2018-10-01,2018,10,Areeiro,13.6,0
2018-10-01,2018,10,Arroios,15.8,0
2018-10-01,2018,10,Avenidas Novas,15.7,0
2018-10-01,2018,10,Belém,14.2,0
2018-10-01,2018,10,Benfica,12.0,0
2018-10-01,2018,10,Campo de Ourique,15.8,0
2018-10-01,2018,10,Campolide,15.5,0
2018-10-01,2018,10,Estrela,16.3,0
2018-10-01,2018,10,Lumiar,12.2,0
2018-10-01,2018,10,Misericórdia,18.2,0
2018-10-01,2018,10,Parque das Nações,16.0,0
2018-10-01,2018,10,Penha de França,13.3,0
2018-10-01,2018,10,Santa Maria Maior,18.2,0
2018-10-01,2018,10,Santo António,18.3,0
2018-10-01,2018,10,São Domingos de Benfica,13.3,0
2018-10-01,2018,10,São Vicente,14.5,0
2018-11-01,2018,11,Alvalade,14.9,0
2018-11-01,2018,11,Areeiro,13.4,0
2018-11-01,2018,11,Arroios,15.3,0
2018-11-01,2018,11,Avenidas Novas,16.0,0
2018-11-01,2018,11,Belém,14.3,0
2018-11-01,2018,11,Benfica,12.4,0
2018-11-01,2018,11,Campo de Ourique,16.0,0
2018-11-01,2018,11,Campolide,15.4,0
2018-11-01,2018,11,Estrela,16.0,0
2018-11-01,2018,11,Lumiar,12.3,0
2018-11-01,2018,11,Misericórdia,18.5,0
2018-11-01,2018,11,Parque das Nações,16.2,0
2018-11-01,2018,11,Penha de França,13.1,0
2018-11-01,2018,11,Santa Maria Maior,19.0,0
2018-11-01,2018,11,Santo António,18.3,0
2018-11-01,2018,11,São Domingos de Benfica,13.5,0
2018-11-01,2018,11,São Vicente,14.8,0
2018-12-01,2018,12,Alvalade,15.5,0
2018-12-01,2018,12,Areeiro,13.4,0
2018-12-01,2018,12,Arroios,14.8,0
2018-12-01,2018,12,Avenidas Novas,16.5,0
2018-12-01,2018,12,Belém,14.9,0
2018-12-01,2018,12,Benfica,13.1,0
2018-12-01,2018,12,Campo de Ourique,15.7,0
2018-12-01,2018,12,Campolide,15.2,0
2018-12-01,2018,12,Estrela,16.4,0
2018-12-01,2018,12,Lumiar,12.1,0
2018-12-01,2018,12,Misericórdia,18.5,0
2018-12-01,2018,12,Parque das Nações,16.9,0
2018-12-01,2018,12,Penha de França,12.9,0
2018-12-01,2018,12,Santa Maria Maior,20.0,0
2018-12-01,2018,12,Santo António,18.7,0
2018-12-01,2018,12,São Domingos de Benfica,13.6,0
2018-12-01,2018,12,São Vicente,15.5,0
2019-01-01,2019,1,Alvalade,15.5,0
2019-01-01,2019,1,Areeiro,13.8,0
2019-01-01,2019,1,Arroios,14.5,0
2019-01-01,2019,1,Avenidas Novas,16.6,0
2019-01-01,2019,1,Belém,15.8,0
2019-01-01,2019,1,Benfica,13.5,0
2019-01-01,2019,1,Campo de Ourique,16.0,0
2019-01-01,2019,1,Campolide,14.9,0
2019-01-01,2019,1,Estrela,16.5,0
2019-01-01,2019,1,Lumiar,12.0,0
2019-01-01,2019,1,Misericórdia,18.5,0
2019-01-01,2019,1,Parque das Nações,16.7,0
2019-01-01,2019,1,Penha de França,12.8,0
2019-01-01,2019,1,Santa Maria Maior,20.0,0
2019-01-01,2019,1,Santo António,19.2,0
2019-01-01,2019,1,São Domingos de Benfica,13.2,0
2019-01-01,2019,1,São Vicente,15.7,0
2019-02-01,2019,2,Alvalade,15.3,0
2019-02-01,2019,2,Areeiro,14.0,0
2019-02-01,2019,2,Arroios,14.9,0
2019-02-01,2019,2,Avenidas Novas,16.6,0
2019-02-01,2019,2,Belém,15.8,0
2019-02-01,2019,2,Benfica,13.2,0
2019-02-01,2019,2,Campo de Ourique,16.2,0
2019-02-01,2019,2,Campolide,15.6,0
2019-02-01,2019,2,Estrela,16.9,0
2019-02-01,2019,2,Lumiar,12.2,0
2019-02-01,2019,2,Misericórdia,18.8,0
2019-02-01,2019,2,Parque das Nações,16.9,0
2019-02-01,2019,2,Penha de França,13.4,0
2019-02-01,2019,2,Santa Maria Maior,19.5,0
2019-02-01,2019,2,Santo António,18.9,0
2019-02-01,2019,2,São Domingos de Benfica,13.2,0
2019-02-01,2019,2,São Vicente,15.6,0
2019-03-01,2019,3,Alvalade,15.5,0
2019-03-01,2019,3,Areeiro,14.1,0
2019-03-01,2019,3,Arroios,14.7,0
2019-03-01,2019,3,Avenidas Novas,16.4,0
2019-03-01,2019,3,Belém,15.9,0
2019-03-01,2019,3,Benfica,12.9,0
2019-03-01,2019,3,Campo de Ourique,16.5,0
2019-03-01,2019,3,Campolide,16.3,0
2019-03-01,2019,3,Estrela,16.4,0
2019-03-01,2019,3,Lumiar,12.5,0
2019-03-01,2019,3,Misericórdia,18.2,0
2019-03-01,2019,3,Parque das Nações,16.5,0
2019-03-01,2019,3,Penha de França,13.0,0
2019-03-01,2019,3,Santa Maria Maior,19.1,0
2019-03-01,2019,3,Santo António,19.0,0
2019-03-01,2019,3,São Domingos de Benfica,13.3,0
2019-03-01,2019,3,São Vicente,16.2,0
2019-04-01,2019,4,Alvalade,15.0,0
2019-04-01,2019,4,Areeiro,13.6,0
2019-04-01,2019,4,Arroios,14.7,0
2019-04-01,2019,4,Avenidas Novas,16.6,0
2019-04-01,2019,4,Belém,15.4,0
2019-04-01,2019,4,Benfica,13.0,0
2019-04-01,2019,4,Campo de Ourique,16.4,0
2019-04-01,2019,4,Campolide,16.9,0
2019-04-01,2019,4,Estrela,16.4,0
2019-04-01,2019,4,Lumiar,12.5,0
2019-04-01,2019,4,Misericórdia,18.1,0
2019-04-01,2019,4,Parque das Nações,15.9,0
2019-04-01,2019,4,Penha de França,13.5,0
2019-04-01,2019,4,Santa Maria Maior,18.3,0
2019-04-01,2019,4,Santo António,18.6,0
2019-04-01,2019,4,São Domingos de Benfica,13.3,0
2019-04-01,2019,4,São Vicente,16.7,0
2019-05-01,2019,5,Alvalade,14.6,0
2019-05-01,2019,5,Areeiro,13.6,0
2019-05-01,2019,5,Arroios,14.8,0
2019-05-01,2019,5,Avenidas Novas,16.4,0
2019-05-01,2019,5,Belém,14.9,0
2019-05-01,2019,5,Benfica,13.2,0
2019-05-01,2019,5,Campo de Ourique,16.7,0
2019-05-01,2019,5,Campolide,16.9,0
2019-05-01,2019,5,Estrela,16.5,0
2019-05-01,2019,5,Lumiar,12.5,0
2019-05-01,2019,5,Misericórdia,18.4,0
2019-05-01,2019,5,Parque das Nações,15.7,0
2019-05-01,2019,5,Penha de França,13.8,0
2019-05-01,2019,5,Santa Maria Maior,18.0,0
2019-05-01,2019,5,Santo António,18.6,0
2019-05-01,2019,5,São Domingos de Benfica,13.3,0
2019-05-01,2019,5,São Vicente,16.5,0
2019-06-01,2019,6,Alvalade,14.4,0
2019-06-01,2019,6,Areeiro,13.7,0
2019-06-01,2019,6,Arroios,15.4,0
2019-06-01,2019,6,Avenidas Novas,15.8,0
2019-06-01,2019,6,Belém,14.8,0
2019-06-01,2019,6,Benfica,13.0,0
2019-06-01,2019,6,Campo de Ourique,16.8,0
2019-06-01,2019,6,Campolide,16.6,0
2019-06-01,2019,6,Estrela,15.7,0
2019-06-01,2019,6,Lumiar,12.7,0
2019-06-01,2019,6,Misericórdia,17.7,0
2019-06-01,2019,6,Parque das Nações,15.7,0
2019-06-01,2019,6,Penha de França,14.1,0
2019-06-01,2019,6,Santa Maria Maior,17.9,0
2019-06-01,2019,6,Santo António,17.9,0
2019-06-01,2019,6,São Domingos de Benfica,13.4,0
2019-06-01,2019,6,São Vicente,15.6,0
2019-07-01,2019,7,Alvalade,14.0,0
2019-07-01,2019,7,Areeiro,13.4,0
2019-07-01,2019,7,Arroios,15.2,0
2019-07-01,2019,7,Avenidas Novas,15.4,0
2019-07-01,2019,7,Belém,14.2,0
2019-07-01,2019,7,Benfica,12.3,0
2019-07-01,2019,7,Campo de Ourique,16.5,0
2019-07-01,2019,7,Campolide,16.1,0
2019-07-01,2019,7,Estrela,15.2,0
2019-07-01,2019,7,Lumiar,12.7,0
2019-07-01,2019,7,Misericórdia,17.1,0
2019-07-01,2019,7,Parque das Nações,15.4,0
2019-07-01,2019,7,Penha de França,13.6,0
2019-07-01,2019,7,Santa Maria Maior,17.0,0
2019-07-01,2019,7,Santo António,17.8,0
2019-07-01,2019,7,São Domingos de Benfica,13.2,0
2019-07-01,2019,7,São Vicente,15.6,0
2019-08-01,2019,8,Alvalade,14.6,0
2019-08-01,2019,8,Areeiro,13.4,0
2019-08-01,2019,8,Arroios,16.0,0
2019-08-01,2019,8,Avenidas Novas,15.0,0
2019-08-01,2019,8,Belém,13.6,0
2019-08-01,2019,8,Benfica,12.2,0
2019-08-01,2019,8,Campo de Ourique,17.0,0
2019-08-01,2019,8,Campolide,15.7,0
2019-08-01,2019,8,Estrela,15.3,0
2019-08-01,2019,8,Lumiar,12.9,0
2019-08-01,2019,8,Misericórdia,17.5,0
2019-08-01,2019,8,Parque das Nações,15.5,0
2019-08-01,2019,8,Penha de França,13.6,0
2019-08-01,2019,8,Santa Maria Maior,16.7,0
2019-08-01,2019,8,Santo António,17.9,0
2019-08-01,2019,8,São Domingos de Benfica,12.9,0
2019-08-01,2019,8,São Vicente,15.2,0
2019-09-01,2019,9,Alvalade,14.7,0
2019-09-01,2019,9,Areeiro,13.6,0
2019-09-01,2019,9,Arroios,16.3,0
2019-09-01,2019,9,Avenidas Novas,14.8,0
2019-09-01,2019,9,Belém,13.4,0
2019-09-01,2019,9,Benfica,11.9,0
2019-09-01,2019,9,Campo de Ourique,17.3,0
2019-09-01,2019,9,Campolide,15.9,0
2019-09-01,2019,9,Estrela,15.8,0
2019-09-01,2019,9,Lumiar,12.8,0
2019-09-01,2019,9,Misericórdia,18.2,0
2019-09-01,2019,9,Parque das Nações,15.7,0
2019-09-01,2019,9,Penha de França,13.7,0
2019-09-01,2019,9,Santa Maria Maior,16.5,0
2019-09-01,2019,9,Santo António,18.0,0
2019-09-01,2019,9,São Domingos de Benfica,13.1,0
2019-09-01,2019,9,São Vicente,16.0,0
2019-10-01,2019,10,Alvalade,14.8,0
2019-10-01,2019,10,Areeiro,13.6,0
2019-10-01,2019,10,Arroios,16.3,0
2019-10-01,2019,10,Avenidas Novas,14.7,0
2019-10-01,2019,10,Belém,14.0,0
2019-10-01,2019,10,Benfica,11.9,0
2019-10-01,2019,10,Campo de Ourique,17.0,0
2019-10-01,2019,10,Campolide,15.5,0
2019-10-01,2019,10,Estrela,15.9,0
2019-10-01,2019,10,Lumiar,12.6,0
2019-10-01,2019,10,Misericórdia,18.0,0
2019-10-01,2019,10,Parque das Nações,16.0,0
2019-10-01,2019,10,Penha de França,13.3,0
2019-10-01,2019,10,Santa Maria Maior,16.8,0
2019-10-01,2019,10,Santo António,17.9,0
2019-10-01,2019,10,São Domingos de Benfica,13.7,0
2019-10-01,2019,10,São Vicente,16.3,0
2019-11-01,2019,11,Alvalade,14.9,0
2019-11-01,2019,11,Areeiro,13.5,0
2019-11-01,2019,11,Arroios,16.2,0
2019-11-01,2019,11,Avenidas Novas,15.0,0
2019-11-01,2019,11,Belém,14.2,0
2019-11-01,2019,11,Benfica,12.5,0
2019-11-01,2019,11,Campo de Ourique,16.5,0
2019-11-01,2019,11,Campolide,14.8,0
2019-11-01,2019,11,Estrela,15.8,0
2019-11-01,2019,11,Lumiar,12.5,0
2019-11-01,2019,11,Misericórdia,17.5,0
2019-11-01,2019,11,Parque das Nações,16.0,0
2019-11-01,2019,11,Penha de França,13.3,0
2019-11-01,2019,11,Santa Maria Maior,17.9,0
2019-11-01,2019,11,Santo António,18.0,0
2019-11-01,2019,11,São Domingos de Benfica,13.8,0
2019-11-01,2019,11,São Vicente,16.0,0
2019-12-01,2019,12,Alvalade,14.7,0
2019-12-01,2019,12,Areeiro,13.3,0
2019-12-01,2019,12,Arroios,15.7,0
2019-12-01,2019,12,Avenidas Novas,15.4,0
2019-12-01,2019,12,Belém,13.7,0
2019-12-01,2019,12,Benfica,12.5,0
2019-12-01,2019,12,Campo de Ourique,16.6,0
2019-12-01,2019,12,Campolide,14.8,0
2019-12-01,2019,12,Estrela,15.8,0
2019-12-01,2019,12,Lumiar,12.5,0
2019-12-01,2019,12,Misericórdia,17.2,0
2019-12-01,2019,12,Parque das Nações,15.9,0
2019-12-01,2019,12,Penha de França,13.1,0
2019-12-01,2019,12,Santa Maria Maior,18.2,0
2019-12-01,2019,12,Santo António,18.0,0
2019-12-01,2019,12,São Domingos de Benfica,13.7,0
2019-12-01,2019,12,São Vicente,15.6,0
2020-01-01,2020,1,Alvalade,14.4,0
2020-01-01,2020,1,Areeiro,12.9,0
2020-01-01,2020,1,Arroios,15.8,0
2020-01-01,2020,1,Avenidas Novas,15.0,0
2020-01-01,2020,1,Belém,13.9,0
2020-01-01,2020,1,Benfica,12.3,0
2020-01-01,2020,1,Campo de Ourique,16.3,0
2020-01-01,2020,1,Campolide,14.7,0
2020-01-01,2020,1,Estrela,15.7,0
2020-01-01,2020,1,Lumiar,12.6,0
2020-01-01,2020,1,Misericórdia,17.6,0
2020-01-01,2020,1,Parque das Nações,15.7,0
2020-01-01,2020,1,Penha de França,13.3,0
2020-01-01,2020,1,Santa Maria Maior,17.9,0
2020-01-01,2020,1,Santo António,18.5,0
2020-01-01,2020,1,São Domingos de Benfica,13.5,0
2020-01-01,2020,1,São Vicente,15.6,0
2020-02-01,2020,2,Alvalade,14.0,0
2020-02-01,2020,2,Areeiro,12.8,0
2020-02-01,2020,2,Arroios,15.7,0
2020-02-01,2020,2,Avenidas Novas,15.0,0
2020-02-01,2020,2,Belém,14.6,0
2020-02-01,2020,2,Benfica,12.3,0
2020-02-01,2020,2,Campo de Ourique,15.9,0
2020-02-01,2020,2,Campolide,14.7,0
2020-02-01,2020,2,Estrela,15.6,0
2020-02-01,2020,2,Lumiar,12.5,0
2020-02-01,2020,2,Misericórdia,18.0,0
2020-02-01,2020,2,Parque das Nações,15.4,0
2020-02-01,2020,2,Penha de França,13.7,0
2020-02-01,2020,2,Santa Maria Maior,17.5,0
2020-02-01,2020,2,Santo António,18.0,0
2020-02-01,2020,2,São Domingos de Benfica,13.7,0
2020-02-01,2020,2,São Vicente,15.8,0
2020-03-01,2020,3,Alvalade,14.0,0
2020-03-01,2020,3,Areeiro,13.1,0
2020-03-01,2020,3,Arroios,15.6,0
2020-03-01,2020,3,Avenidas Novas,15.8,0
2020-03-01,2020,3,Belém,15.2,0
2020-03-01,2020,3,Benfica,12.4,0
2020-03-01,2020,3,Campo de Ourique,15.8,0
2020-03-01,2020,3,Campolide,14.7,0
2020-03-01,2020,3,Estrela,15.5,0
2020-03-01,2020,3,Lumiar,12.5,0
2020-03-01,2020,3,Misericórdia,18.2,0
2020-03-01,2020,3,Parque das Nações,15.4,0
2020-03-01,2020,3,Penha de França,13.9,0
2020-03-01,2020,3,Santa Maria Maior,17.1,0
2020-03-01,2020,3,Santo António,18.0,0
2020-03-01,2020,3,São Domingos de Benfica,13.5,0
2020-03-01,2020,3,São Vicente,15.6,0
2020-04-01,2020,4,Alvalade,14.1,0
2020-04-01,2020,4,Areeiro,13.3,0
2020-04-01,2020,4,Arroios,15.3,0
2020-04-01,2020,4,Avenidas Novas,15.8,0
2020-04-01,2020,4,Belém,15.2,0
2020-04-01,2020,4,Benfica,12.7,0
2020-04-01,2020,4,Campo de Ourique,16.0,0
2020-04-01,2020,4,Campolide,15.3,0
2020-04-01,2020,4,Estrela,15.3,0
2020-04-01,2020,4,Lumiar,12.4,0
2020-04-01,2020,4,Misericórdia,17.9,0
2020-04-01,2020,4,Parque das Nações,15.8,0
2020-04-01,2020,4,Penha de França,14.3,0
2020-04-01,2020,4,Santa Maria Maior,16.7,0
2020-04-01,2020,4,Santo António,17.6,0
2020-04-01,2020,4,São Domingos de Benfica,13.8,0
2020-04-01,2020,4,São Vicente,15.5,0
2020-05-01,2020,5,Alvalade,14.0,0
2020-05-01,2020,5,Areeiro,13.3,0
2020-05-01,2020,5,Arroios,15.0,0
2020-05-01,2020,5,Avenidas Novas,15.7,0
2020-05-01,2020,5,Belém,15.2,0
2020-05-01,2020,5,Benfica,12.9,0
2020-05-01,2020,5,Campo de Ourique,15.7,0
2020-05-01,2020,5,Campolide,15.7,0
2020-05-01,2020,5,Estrela,15.0,0
2020-05-01,2020,5,Lumiar,12.2,0
2020-05-01,2020,5,Misericórdia,16.2,0
2020-05-01,2020,5,Parque das Nações,15.4,0
2020-05-01,2020,5,Penha de França,14.6,0
2020-05-01,2020,5,Santa Maria Maior,16.1,0
2020-05-01,2020,5,Santo António,16.6,0
2020-05-01,2020,5,São Domingos de Benfica,12.9,0
2020-05-01,2020,5,São Vicente,15.0,0
2020-06-01,2020,6,Alvalade,13.4,0
2020-06-01,2020,6,Areeiro,13.2,0
2020-06-01,2020,6,Arroios,14.6,0
2020-06-01,2020,6,Avenidas Novas,15.3,0
2020-06-01,2020,6,Belém,15.0,0
2020-06-01,2020,6,Benfica,12.4,0
2020-06-01,2020,6,Campo de Ourique,15.6,0
2020-06-01,2020,6,Campolide,15.7,0
2020-06-01,2020,6,Estrela,14.9,0
2020-06-01,2020,6,Lumiar,11.9,0
2020-06-01,2020,6,Misericórdia,15.8,0
2020-06-01,2020,6,Parque das Nações,14.7,0
2020-06-01,2020,6,Penha de França,13.5,0
2020-06-01,2020,6,Santa Maria Maior,15.7,0
2020-06-01,2020,6,Santo António,15.7,0
2020-06-01,2020,6,São Domingos de Benfica,12.4,0
2020-06-01,2020,6,São Vicente,14.4,0
2020-07-01,2020,7,Alvalade,13.3,0
2020-07-01,2020,7,Areeiro,12.8,0
2020-07-01,2020,7,Arroios,14.2,0
2020-07-01,2020,7,Avenidas Novas,14.8,0
2020-07-01,2020,7,Belém,15.1,0
2020-07-01,2020,7,Benfica,11.7,0
2020-07-01,2020,7,Campo de Ourique,15.6,0
2020-07-01,2020,7,Campolide,15.2,0
2020-07-01,2020,7,Estrela,14.7,0
2020-07-01,2020,7,Lumiar,11.8,0
2020-07-01,2020,7,Misericórdia,15.9,0
2020-07-01,2020,7,Parque das Nações,14.4,0
2020-07-01,2020,7,Penha de França,13.0,0
2020-07-01,2020,7,Santa Maria Maior,16.0,0
2020-07-01,2020,7,Santo António,15.7,0
2020-07-01,2020,7,São Domingos de Benfica,12.5,0
2020-07-01,2020,7,São Vicente,14.2,0
2020-08-01,2020,8,Alvalade,13.3,0
2020-08-01,2020,8,Areeiro,12.5,0
2020-08-01,2020,8,Arroios,14.1,0
2020-08-01,2020,8,Avenidas Novas,14.8,0
2020-08-01,2020,8,Belém,14.9,0
2020-08-01,2020,8,Benfica,11.5,0
2020-08-01,2020,8,Campo de Ourique,15.0,0
2020-08-01,2020,8,Campolide,14.7,0
2020-08-01,2020,8,Estrela,14.5,0
2020-08-01,2020,8,Lumiar,11.8,0
2020-08-01,2020,8,Misericórdia,16.0,0
2020-08-01,2020,8,Parque das Nações,14.0,0
2020-08-01,2020,8,Penha de França,12.8,0
2020-08-01,2020,8,Santa Maria Maior,16.1,0
2020-08-01,2020,8,Santo António,15.7,0
2020-08-01,2020,8,São Domingos de Benfica,12.9,0
2020-08-01,2020,8,São Vicente,14.5,0
2020-09-01,2020,9,Alvalade,13.3,0
2020-09-01,2020,9,Areeiro,12.3,0
2020-09-01,2020,9,Arroios,13.8,0
2020-09-01,2020,9,Avenidas Novas,14.7,0
2020-09-01,2020,9,Belém,14.9,0
2020-09-01,2020,9,Benfica,11.6,0
2020-09-01,2020,9,Campo de Ourique,15.0,0
2020-09-01,2020,9,Campolide,14.5,0
2020-09-01,2020,9,Estrela,14.4,0
2020-09-01,2020,9,Lumiar,11.8,0
2020-09-01,2020,9,Misericórdia,15.9,0
2020-09-01,2020,9,Parque das Nações,13.9,0
2020-09-01,2020,9,Penha de França,12.7,0
2020-09-01,2020,9,Santa Maria Maior,16.2,0
2020-09-01,2020,9,Santo António,15.9,0
2020-09-01,2020,9,São Domingos de Benfica,12.8,0
2020-09-01,2020,9,São Vicente,14.1,0
2020-10-01,2020,10,Alvalade,13.3,0
2020-10-01,2020,10,Areeiro,12.5,0
2020-10-01,2020,10,Arroios,14.3,0
2020-10-01,2020,10,Avenidas Novas,14.5,0
2020-10-01,2020,10,Belém,14.5,0
2020-10-01,2020,10,Benfica,11.7,0
2020-10-01,2020,10,Campo de Ourique,15.0,0
2020-10-01,2020,10,Campolide,14.2,0
2020-10-01,2020,10,Estrela,14.3,0
2020-10-01,2020,10,Lumiar,11.7,0
2020-10-01,2020,10,Misericórdia,16.1,0
2020-10-01,2020,10,Parque das Nações,14.2,0
2020-10-01,2020,10,Penha de França,12.5,0
2020-10-01,2020,10,Santa Maria Maior,16.3,0
2020-10-01,2020,10,Santo António,15.8,0
2020-10-01,2020,10,São Domingos de Benfica,12.5,0
2020-10-01,2020,10,São Vicente,13.8,0
2020-11-01,2020,11,Alvalade,13.2,0
2020-11-01,2020,11,Areeiro,12.2,0
2020-11-01,2020,11,Arroios,13.8,0
2020-11-01,2020,11,Avenidas Novas,14.3,0
2020-11-01,2020,11,Belém,14.2,0
2020-11-01,2020,11,Benfica,11.8,0
2020-11-01,2020,11,Campo de Ourique,15.0,0
2020-11-01,2020,11,Campolide,14.0,0
2020-11-01,2020,11,Estrela,14.4,0
2020-11-01,2020,11,Lumiar,11.6,0
2020-11-01,2020,11,Misericórdia,16.2,0
2020-11-01,2020,11,Parque das Nações,14.3,0
2020-11-01,2020,11,Penha de França,12.4,0
2020-11-01,2020,11,Santa Maria Maior,16.2,0
2020-11-01,2020,11,Santo António,16.1,0
2020-11-01,2020,11,São Domingos de Benfica,12.5,0
2020-11-01,2020,11,São Vicente,13.5,0
2020-12-01,2020,12,Alvalade,13.1,0
2020-12-01,2020,12,Areeiro,12.3,0
2020-12-01,2020,12,Arroios,13.5,0
2020-12-01,2020,12,Avenidas Novas,14.2,0
2020-12-01,2020,12,Belém,13.9,0
2020-12-01,2020,12,Benfica,11.9,0
2020-12-01,2020,12,Campo de Ourique,15.0,0
2020-12-01,2020,12,Campolide,13.9,0
2020-12-01,2020,12,Estrela,14.3,0
2020-12-01,2020,12,Lumiar,11.3,0
2020-12-01,2020,12,Misericórdia,16.2,0
2020-12-01,2020,12,Parque das Nações,14.1,0
2020-12-01,2020,12,Penha de França,12.1,0
2020-12-01,2020,12,Santa Maria Maior,16.1,0
2020-12-01,2020,12,Santo António,16.4,0
2020-12-01,2020,12,São Domingos de Benfica,12.4,0
2020-12-01,2020,12,São Vicente,13.9,0
2021-01-01,2021,1,Alvalade,12.9,0
2021-01-01,2021,1,Areeiro,12.1,0
2021-01-01,2021,1,Arroios,13.3,0
2021-01-01,2021,1,Avenidas Novas,14.1,0
2021-01-01,2021,1,Belém,13.8,0
2021-01-01,2021,1,Benfica,12.1,0
2021-01-01,2021,1,Campo de Ourique,15.0,0
2021-01-01,2021,1,Campolide,13.6,0
2021-01-01,2021,1,Estrela,14.2,0
2021-01-01,2021,1,Lumiar,11.2,0
2021-01-01,2021,1,Misericórdia,15.9,0
2021-01-01,2021,1,Parque das Nações,13.8,0
2021-01-01,2021,1,Penha de França,12.1,0
2021-01-01,2021,1,Santa Maria Maior,16.1,0
2021-01-01,2021,1,Santo António,16.6,0
2021-01-01,2021,1,São Domingos de Benfica,12.0,0
2021-01-01,2021,1,São Vicente,14.3,0
2021-02-01,2021,2,Alvalade,13.1,0
2021-02-01,2021,2,Areeiro,11.9,0
2021-02-01,2021,2,Arroios,13.5,0
2021-02-01,2021,2,Avenidas Novas,14.2,0
2021-02-01,2021,2,Belém,13.4,0
2021-02-01,2021,2,Benfica,11.7,0
2021-02-01,2021,2,Campo de Ourique,14.8,0
2021-02-01,2021,2,Campolide,13.2,0
2021-02-01,2021,2,Estrela,14.2,0
2021-02-01,2021,2,Lumiar,11.2,0
2021-02-01,2021,2,Misericórdia,15.9,0
2021-02-01,2021,2,Parque das Nações,13.5,0
2021-02-01,2021,2,Penha de França,12.3,0
2021-02-01,2021,2,Santa Maria Maior,16.1,0
2021-02-01,2021,2,Santo António,16.3,0
2021-02-01,2021,2,São Domingos de Benfica,12.0,0
2021-02-01,2021,2,São Vicente,14.2,0
2021-03-01,2021,3,Alvalade,13.1,0
2021-03-01,2021,3,Areeiro,11.7,0
2021-03-01,2021,3,Arroios,13.6,0
2021-03-01,2021,3,Avenidas Novas,14.1,0
2021-03-01,2021,3,Belém,13.3,0
2021-03-01,2021,3,Benfica,11.4,0
2021-03-01,2021,3,Campo de Ourique,14.5,0
2021-03-01,2021,3,Campolide,13.2,0
2021-03-01,2021,3,Estrela,14.2,0
2021-03-01,2021,3,Lumiar,11.2,0
2021-03-01,2021,3,Misericórdia,15.8,0
2021-03-01,2021,3,Parque das Nações,13.3,0
2021-03-01,2021,3,Penha de França,12.1,0
2021-03-01,2021,3,Santa Maria Maior,16.0,0
2021-03-01,2021,3,Santo António,16.2,0
2021-03-01,2021,3,São Domingos de Benfica,11.9,0
2021-03-01,2021,3,São Vicente,14.2,0
2021-04-01,2021,4,Alvalade,13.2,0
2021-04-01,2021,4,Areeiro,11.7,0
2021-04-01,2021,4,Arroios,13.3,0
2021-04-01,2021,4,Avenidas Novas,13.9,0
2021-04-01,2021,4,Belém,13.1,0
2021-04-01,2021,4,Benfica,11.4,0
2021-04-01,2021,4,Campo de Ourique,14.4,0
2021-04-01,2021,4,Campolide,13.0,0
2021-04-01,2021,4,Estrela,14.3,0
2021-04-01,2021,4,Lumiar,11.3,0
2021-04-01,2021,4,Misericórdia,15.8,0
2021-04-01,2021,4,Parque das Nações,12.9,0
2021-04-01,2021,4,Penha de França,12.2,0
2021-04-01,2021,4,Santa Maria Maior,16.0,0
2021-04-01,2021,4,Santo António,16.0,0
2021-04-01,2021,4,São Domingos de Benfica,11.6,0
2021-04-01,2021,4,São Vicente,14.0,0
2021-05-01,2021,5,Alvalade,12.9,0
2021-05-01,2021,5,Areeiro,11.6,0
2021-05-01,2021,5,Arroios,13.8,0
2021-05-01,2021,5,Avenidas Novas,13.6,0
2021-05-01,2021,5,Belém,13.1,0
2021-05-01,2021,5,Benfica,11.3,0
2021-05-01,2021,5,Campo de Ourique,14.1,0
2021-05-01,2021,5,Campolide,13.0,0
2021-05-01,2021,5,Estrela,14.3,0
2021-05-01,2021,5,Lumiar,11.1,0
2021-05-01,2021,5,Misericórdia,15.9,0
2021-05-01,2021,5,Parque das Nações,13.0,0
2021-05-01,2021,5,Penha de França,12.3,0
2021-05-01,2021,5,Santa Maria Maior,16.0,0
2021-05-01,2021,5,Santo António,15.7,0
2021-05-01,2021,5,São Domingos de Benfica,11.5,0
2021-05-01,2021,5,São Vicente,13.8,0
2021-06-01,2021,6,Alvalade,12.7,0
2021-06-01,2021,6,Areeiro,11.7,0
2021-06-01,2021,6,Arroios,13.8,0
2021-06-01,2021,6,Avenidas Novas,13.5,0
2021-06-01,2021,6,Belém,13.1,0
2021-06-01,2021,6,Benfica,11.4,0
2021-06-01,2021,6,Campo de Ourique,14.1,0
2021-06-01,2021,6,Campolide,13.1,0
2021-06-01,2021,6,Estrela,14.0,0
2021-06-01,2021,6,Lumiar,11.0,0
2021-06-01,2021,6,Misericórdia,15.8,0
2021-06-01,2021,6,Parque das Nações,12.8,0
2021-06-01,2021,6,Penha de França,12.2,0
2021-06-01,2021,6,Santa Maria Maior,16.3,0
2021-06-01,2021,6,Santo António,15.6,0
2021-06-01,2021,6,São Domingos de Benfica,11.5,0
2021-06-01,2021,6,São Vicente,13.8,0
2021-07-01,2021,7,Alvalade,12.7,0
2021-07-01,2021,7,Areeiro,11.7,0
2021-07-01,2021,7,Arroios,13.8,0
2021-07-01,2021,7,Avenidas Novas,13.4,0
2021-07-01,2021,7,Belém,13.1,0
2021-07-01,2021,7,Benfica,11.6,0
2021-07-01,2021,7,Campo de Ourique,14.0,0
2021-07-01,2021,7,Campolide,12.9,0
2021-07-01,2021,7,Estrela,13.9,0
2021-07-01,2021,7,Lumiar,11.2,0
2021-07-01,2021,7,Misericórdia,15.5,0
2021-07-01,2021,7,Parque das Nações,12.8,0
2021-07-01,2021,7,Penha de França,12.0,0
2021-07-01,2021,7,Santa Maria Maior,16.2,0
2021-07-01,2021,7,Santo António,15.7,0
2021-07-01,2021,7,São Domingos de Benfica,11.6,0
2021-07-01,2021,7,São Vicente,13.8,0
2021-08-01,2021,8,Alvalade,12.8,0
2021-08-01,2021,8,Areeiro,11.7,0
2021-08-01,2021,8,Arroios,13.7,0
2021-08-01,2021,8,Avenidas Novas,13.6,0
2021-08-01,2021,8,Belém,13.1,0
2021-08-01,2021,8,Benfica,11.5,0
2021-08-01,2021,8,Campo de Ourique,13.8,0
2021-08-01,2021,8,Campolide,13.0,0
2021-08-01,2021,8,Estrela,14.0,0
2021-08-01,2021,8,Lumiar,11.4,0
2021-08-01,2021,8,Misericórdia,15.5,0
2021-08-01,2021,8,Parque das Nações,13.2,0
2021-08-01,2021,8,Penha de França,12.1,0
2021-08-01,2021,8,Santa Maria Maior,16.5,0
2021-08-01,2021,8,Santo António,16.6,0
2021-08-01,2021,8,São Domingos de Benfica,11.7,0
2021-08-01,2021,8,São Vicente,13.7,0
2021-09-01,2021,9,Alvalade,12.8,0
2021-09-01,2021,9,Areeiro,11.7,0
2021-09-01,2021,9,Arroios,13.4,0
2021-09-01,2021,9,Avenidas Novas,13.7,0
2021-09-01,2021,9,Belém,13.2,0
2021-09-01,2021,9,Benfica,11.7,0
2021-09-01,2021,9,Campo de Ourique,14.0,0
2021-09-01,2021,9,Campolide,13.2,0
2021-09-01,2021,9,Estrela,14.1,0
2021-09-01,2021,9,Lumiar,11.4,0
2021-09-01,2021,9,Misericórdia,15.8,0
2021-09-01,2021,9,Parque das Nações,13.4,0
2021-09-01,2021,9,Penha de França,12.1,0
2021-09-01,2021,9,Santa Maria Maior,16.4,0
2021-09-01,2021,9,Santo António,16.7,0
2021-09-01,2021,9,São Domingos de Benfica,11.7,0
2021-09-01,2021,9,São Vicente,13.7,0
2021-10-01,2021,10,Alvalade,12.7,0
2021-10-01,2021,10,Areeiro,11.6,0
2021-10-01,2021,10,Arroios,13.4,0
2021-10-01,2021,10,Avenidas Novas,13.6,0
2021-10-01,2021,10,Belém,13.3,0
2021-10-01,2021,10,Benfica,11.9,0
2021-10-01,2021,10,Campo de Ourique,14.2,0
2021-10-01,2021,10,Campolide,13.1,0
2021-10-01,2021,10,Estrela,14.6,0
2021-10-01,2021,10,Lumiar,11.5,0
2021-10-01,2021,10,Misericórdia,16.1,0
2021-10-01,2021,10,Parque das Nações,13.4,0
2021-10-01,2021,10,Penha de França,12.5,0
2021-10-01,2021,10,Santa Maria Maior,17.0,0
2021-10-01,2021,10,Santo António,17.3,0
2021-10-01,2021,10,São Domingos de Benfica,11.8,0
2021-10-01,2021,10,São Vicente,13.3,0
2021-11-01,2021,11,Alvalade,12.9,0
2021-11-01,2021,11,Areeiro,11.9,0
2021-11-01,2021,11,Arroios,13.1,0
2021-11-01,2021,11,Avenidas Novas,13.4,0
2021-11-01,2021,11,Belém,13.4,0
2021-11-01,2021,11,Benfica,12.0,0
2021-11-01,2021,11,Campo de Ourique,14.2,0
2021-11-01,2021,11,Campolide,13.4,0
2021-11-01,2021,11,Estrela,14.8,0
2021-11-01,2021,11,Lumiar,11.5,0
2021-11-01,2021,11,Misericórdia,16.2,0
2021-11-01,2021,11,Parque das Nações,13.5,0
2021-11-01,2021,11,Penha de França,12.5,0
2021-11-01,2021,11,Santa Maria Maior,17.0,0
2021-11-01,2021,11,Santo António,17.5,0
2021-11-01,2021,11,São Domingos de Benfica,11.5,0
2021-11-01,2021,11,São Vicente,13.7,0
2021-12-01,2021,12,Alvalade,13.0,0
2021-12-01,2021,12,Areeiro,11.7,0
2021-12-01,2021,12,Arroios,13.0,0
2021-12-01,2021,12,Avenidas Novas,13.6,0
2021-12-01,2021,12,Belém,13.4,0
2021-12-01,2021,12,Benfica,11.7,0
2021-12-01,2021,12,Campo de Ourique,14.5,0
2021-12-01,2021,12,Campolide,13.4,0
2021-12-01,2021,12,Estrela,15.1,0
2021-12-01,2021,12,Lumiar,11.5,0
2021-12-01,2021,12,Misericórdia,16.5,0
2021-12-01,2021,12,Parque das Nações,13.2,0
2021-12-01,2021,12,Penha de França,12.6,0
2021-12-01,2021,12,Santa Maria Maior,16.8,0
2021-12-01,2021,12,Santo António,17.7,0
2021-12-01,2021,12,São Domingos de Benfica,11.7,0
2021-12-01,2021,12,São Vicente,14.3,0
2022-01-01,2022,1,Alvalade,13.0,0
2022-01-01,2022,1,Areeiro,12.0,0
2022-01-01,2022,1,Arroios,13.2,0
2022-01-01,2022,1,Avenidas Novas,13.6,0
2022-01-01,2022,1,Belém,13.3,0
2022-01-01,2022,1,Benfica,11.7,0
2022-01-01,2022,1,Campo de Ourique,14.7,0
2022-01-01,2022,1,Campolide,13.4,0
2022-01-01,2022,1,Estrela,15.2,0
2022-01-01,2022,1,Lumiar,11.6,0
2022-01-01,2022,1,Misericórdia,17.0,0
2022-01-01,2022,1,Parque das Nações,13.6,0
2022-01-01,2022,1,Penha de França,13.2,0
2022-01-01,2022,1,Santa Maria Maior,17.4,0
2022-01-01,2022,1,Santo António,17.7,0
2022-01-01,2022,1,São Domingos de Benfica,11.9,0
2022-01-01,2022,1,São Vicente,14.1,0
2022-02-01,2022,2,Alvalade,13.0,0
2022-02-01,2022,2,Areeiro,12.1,0
2022-02-01,2022,2,Arroios,14.0,0
2022-02-01,2022,2,Avenidas Novas,13.7,0
2022-02-01,2022,2,Belém,13.4,0
2022-02-01,2022,2,Benfica,11.9,0
2022-02-01,2022,2,Campo de Ourique,15.0,0
2022-02-01,2022,2,Campolide,13.6,0
2022-02-01,2022,2,Estrela,15.1,0
2022-02-01,2022,2,Lumiar,11.9,0
2022-02-01,2022,2,Misericórdia,16.5,0
2022-02-01,2022,2,Parque das Nações,14.1,0
2022-02-01,2022,2,Penha de França,13.4,0
2022-02-01,2022,2,Santa Maria Maior,17.5,0
2022-02-01,2022,2,Santo António,18.3,0
2022-02-01,2022,2,São Domingos de Benfica,12.0,0
2022-02-01,2022,2,São Vicente,13.8,0
2022-03-01,2022,3,Alvalade,12.9,0
2022-03-01,2022,3,Areeiro,12.2,0
2022-03-01,2022,3,Arroios,14.2,0
2022-03-01,2022,3,Avenidas Novas,14.0,0
2022-03-01,2022,3,Belém,13.6,0
2022-03-01,2022,3,Benfica,11.6,0
2022-03-01,2022,3,Campo de Ourique,15.6,0
2022-03-01,2022,3,Campolide,13.9,0
2022-03-01,2022,3,Estrela,14.7,0
2022-03-01,2022,3,Lumiar,12.0,0
2022-03-01,2022,3,Misericórdia,16.7,0
2022-03-01,2022,3,Parque das Nações,14.0,0
2022-03-01,2022,3,Penha de França,13.3,0
2022-03-01,2022,3,Santa Maria Maior,17.8,0
2022-03-01,2022,3,Santo António,19.0,0
2022-03-01,2022,3,São Domingos de Benfica,12.2,0
2022-03-01,2022,3,São Vicente,13.8,0
2022-04-01,2022,4,Alvalade,12.9,0
2022-04-01,2022,4,Areeiro,12.2,0
2022-04-01,2022,4,Arroios,14.6,0
2022-04-01,2022,4,Avenidas Novas,14.4,0
2022-04-01,2022,4,Belém,13.9,0
2022-04-01,2022,4,Benfica,11.8,0
2022-04-01,2022,4,Campo de Ourique,15.8,0
2022-04-01,2022,4,Campolide,14.2,0
2022-04-01,2022,4,Estrela,14.7,0
2022-04-01,2022,4,Lumiar,11.9,0
2022-04-01,2022,4,Misericórdia,16.9,0
2022-04-01,2022,4,Parque das Nações,14.1,0
2022-04-01,2022,4,Penha de França,13.1,0
2022-04-01,2022,4,Santa Maria Maior,18.2,0
2022-04-01,2022,4,Santo António,20.0,0
2022-04-01,2022,4,São Domingos de Benfica,12.2,0
2022-04-01,2022,4,São Vicente,13.8,0
2022-05-01,2022,5,Alvalade,13.3,0
2022-05-01,2022,5,Areeiro,12.3,0
2022-05-01,2022,5,Arroios,15.0,0
2022-05-01,2022,5,Avenidas Novas,15.0,0
2022-05-01,2022,5,Belém,14.3,0
2022-05-01,2022,5,Benfica,11.8,0
2022-05-01,2022,5,Campo de Ourique,16.3,0
2022-05-01,2022,5,Campolide,14.2,0
2022-05-01,2022,5,Estrela,15.5,0
2022-05-01,2022,5,Lumiar,11.9,0
2022-05-01,2022,5,Misericórdia,18.0,0
2022-05-01,2022,5,Parque das Nações,14.3,0
2022-05-01,2022,5,Penha de França,13.1,0
2022-05-01,2022,5,Santa Maria Maior,18.8,0
2022-05-01,2022,5,Santo António,20.0,0
2022-05-01,2022,5,São Domingos de Benfica,12.3,0
2022-05-01,2022,5,São Vicente,14.5,0
2022-06-01,2022,6,Alvalade,14.2,0
2022-06-01,2022,6,Areeiro,12.7,0
2022-06-01,2022,6,Arroios,15.4,0
2022-06-01,2022,6,Avenidas Novas,15.1,0
2022-06-01,2022,6,Belém,14.3,0
2022-06-01,2022,6,Benfica,11.6,0
2022-06-01,2022,6,Campo de Ourique,16.4,0
2022-06-01,2022,6,Campolide,14.2,0
2022-06-01,2022,6,Estrela,16.3,0
2022-06-01,2022,6,Lumiar,12.2,0
2022-06-01,2022,6,Misericórdia,18.8,0
2022-06-01,2022,6,Parque das Nações,14.8,0
2022-06-01,2022,6,Penha de França,13.1,0
2022-06-01,2022,6,Santa Maria Maior,19.5,0
2022-06-01,2022,6,Santo António,20.0,0
2022-06-01,2022,6,São Domingos de Benfica,12.7,0
2022-06-01,2022,6,São Vicente,14.9,0
2022-07-01,2022,7,Alvalade,14.6,0
2022-07-01,2022,7,Areeiro,13.1,0
2022-07-01,2022,7,Arroios,15.2,0
2022-07-01,2022,7,Avenidas Novas,15.4,0
2022-07-01,2022,7,Belém,14.6,0
2022-07-01,2022,7,Benfica,12.2,0
2022-07-01,2022,7,Campo de Ourique,15.9,0
2022-07-01,2022,7,Campolide,15.4,0
2022-07-01,2022,7,Estrela,17.0,0
2022-07-01,2022,7,Lumiar,12.5,0
2022-07-01,2022,7,Misericórdia,19.0,0
2022-07-01,2022,7,Parque das Nações,15.3,0
2022-07-01,2022,7,Penha de França,13.1,0
2022-07-01,2022,7,Santa Maria Maior,19.6,0
2022-07-01,2022,7,Santo António,21.1,0
2022-07-01,2022,7,São Domingos de Benfica,12.9,0
2022-07-01,2022,7,São Vicente,15.4,0
2022-08-01,2022,8,Alvalade,15.0,0
2022-08-01,2022,8,Areeiro,13.8,0
2022-08-01,2022,8,Arroios,15.2,0
2022-08-01,2022,8,Avenidas Novas,15.8,0
2022-08-01,2022,8,Belém,15.4,0
2022-08-01,2022,8,Benfica,12.8,0
2022-08-01,2022,8,Campo de Ourique,16.9,0
2022-08-01,2022,8,Campolide,15.6,0
2022-08-01,2022,8,Estrela,17.3,0
2022-08-01,2022,8,Lumiar,12.7,0
2022-08-01,2022,8,Misericórdia,19.4,0
2022-08-01,2022,8,Parque das Nações,15.8,0
2022-08-01,2022,8,Penha de França,13.8,0
2022-08-01,2022,8,Santa Maria Maior,21.1,0
2022-08-01,2022,8,Santo António,20.9,0
2022-08-01,2022,8,São Domingos de Benfica,13.3,0
2022-08-01,2022,8,São Vicente,16.2,0
2022-09-01,2022,9,Alvalade,15.0,0
2022-09-01,2022,9,Areeiro,14.4,0
2022-09-01,2022,9,Arroios,15.8,0
2022-09-01,2022,9,Avenidas Novas,16.2,0
2022-09-01,2022,9,Belém,16.8,0
2022-09-01,2022,9,Benfica,12.9,0
2022-09-01,2022,9,Campo de Ourique,17.7,0
2022-09-01,2022,9,Campolide,15.1,0
2022-09-01,2022,9,Estrela,17.8,0
2022-09-01,2022,9,Lumiar,13.1,0
2022-09-01,2022,9,Misericórdia,20.5,0
2022-09-01,2022,9,Parque das Nações,16.6,0
2022-09-01,2022,9,Penha de França,15.0,0
2022-09-01,2022,9,Santa Maria Maior,21.6,0
2022-09-01,2022,9,Santo António,21.6,0
2022-09-01,2022,9,São Domingos de Benfica,13.9,0
2022-09-01,2022,9,São Vicente,16.9,0
2022-10-01,2022,10,Alvalade,14.9,0
2022-10-01,2022,10,Areeiro,15.1,0
2022-10-01,2022,10,Arroios,17.1,0
2022-10-01,2022,10,Avenidas Novas,17.4,0
2022-10-01,2022,10,Belém,17.1,0
2022-10-01,2022,10,Benfica,13.9,0
2022-10-01,2022,10,Campo de Ourique,17.8,0
2022-10-01,2022,10,Campolide,15.8,0
2022-10-01,2022,10,Estrela,19.0,0
2022-10-01,2022,10,Lumiar,13.5,0
2022-10-01,2022,10,Misericórdia,21.3,0
2022-10-01,2022,10,Parque das Nações,16.7,0
2022-10-01,2022,10,Penha de França,15.4,0
2022-10-01,2022,10,Santa Maria Maior,23.6,0
2022-10-01,2022,10,Santo António,22.6,0
2022-10-01,2022,10,São Domingos de Benfica,14.4,0
2022-10-01,2022,10,São Vicente,17.7,0
2022-11-01,2022,11,Alvalade,15.4,0
2022-11-01,2022,11,Areeiro,15.1,0
2022-11-01,2022,11,Arroios,18.9,0
2022-11-01,2022,11,Avenidas Novas,18.4,0
2022-11-01,2022,11,Belém,16.2,0
2022-11-01,2022,11,Benfica,13.8,0
2022-11-01,2022,11,Campo de Ourique,18.9,0
2022-11-01,2022,11,Campolide,17.3,0
2022-11-01,2022,11,Estrela,20.0,0
2022-11-01,2022,11,Lumiar,13.9,0
2022-11-01,2022,11,Misericórdia,21.7,0
2022-11-01,2022,11,Parque das Nações,16.7,0
2022-11-01,2022,11,Penha de França,15.7,0
2022-11-01,2022,11,Santa Maria Maior,24.3,0
2022-11-01,2022,11,Santo António,23.7,0
2022-11-01,2022,11,São Domingos de Benfica,14.8,0
2022-11-01,2022,11,São Vicente,19.8,0
2022-12-01,2022,12,Alvalade,16.1,0
2022-12-01,2022,12,Areeiro,15.3,0
2022-12-01,2022,12,Arroios,18.9,0
2022-12-01,2022,12,Avenidas Novas,19.6,0
2022-12-01,2022,12,Belém,18.0,0
2022-12-01,2022,12,Benfica,14.5,0
2022-12-01,2022,12,Campo de Ourique,20.0,0
2022-12-01,2022,12,Campolide,17.4,0
2022-12-01,2022,12,Estrela,20.1,0
2022-12-01,2022,12,Lumiar,13.6,0
2022-12-01,2022,12,Misericórdia,22.5,0
2022-12-01,2022,12,Parque das Nações,17.9,0
2022-12-01,2022,12,Penha de França,16.7,0
2022-12-01,2022,12,Santa Maria Maior,24.4,0
2022-12-01,2022,12,Santo António,23.6,0
2022-12-01,2022,12,São Domingos de Benfica,15.4,0
2022-12-01,2022,12,São Vicente,20.1,0
2023-01-01,2023,1,Alvalade,16.1,0
2023-01-01,2023,1,Areeiro,15.2,0
2023-01-01,2023,1,Arroios,19.3,0
2023-01-01,2023,1,Avenidas Novas,19.3,0
2023-01-01,2023,1,Belém,18.0,0
2023-01-01,2023,1,Benfica,14.7,0
2023-01-01,2023,1,Campo de Ourique,20.3,0
2023-01-01,2023,1,Campolide,17.2,0
2023-01-01,2023,1,Estrela,20.5,0
2023-01-01,2023,1,Lumiar,13.8,0
2023-01-01,2023,1,Misericórdia,22.6,0
2023-01-01,2023,1,Parque das Nações,17.5,0
2023-01-01,2023,1,Penha de França,15.5,0
2023-01-01,2023,1,Santa Maria Maior,23.8,0
2023-01-01,2023,1,Santo António,24.1,0
2023-01-01,2023,1,São Domingos de Benfica,16.2,0
2023-01-01,2023,1,São Vicente,19.5,0
2023-02-01,2023,2,Alvalade,17.0,0
2023-02-01,2023,2,Areeiro,15.4,0
2023-02-01,2023,2,Arroios,19.5,0
2023-02-01,2023,2,Avenidas Novas,20.0,0
2023-02-01,2023,2,Belém,18.1,0
2023-02-01,2023,2,Benfica,14.9,0
2023-02-01,2023,2,Campo de Ourique,20.4,0
2023-02-01,2023,2,Campolide,17.2,0
2023-02-01,2023,2,Estrela,20.8,0
2023-02-01,2023,2,Lumiar,14.6,0
2023-02-01,2023,2,Misericórdia,23.6,0
2023-02-01,2023,2,Parque das Nações,17.8,0
2023-02-01,2023,2,Penha de França,16.0,0
2023-02-01,2023,2,Santa Maria Maior,23.9,0
2023-02-01,2023,2,Santo António,24.9,0
2023-02-01,2023,2,São Domingos de Benfica,15.7,0
2023-02-01,2023,2,São Vicente,18.8,0
2023-03-01,2023,3,Alvalade,17.0,0
2023-03-01,2023,3,Areeiro,16.0,0
2023-03-01,2023,3,Arroios,20.4,0
2023-03-01,2023,3,Avenidas Novas,20.3,0
2023-03-01,2023,3,Belém,19.2,0
2023-03-01,2023,3,Benfica,15.0,0
2023-03-01,2023,3,Campo de Ourique,21.5,0
2023-03-01,2023,3,Campolide,17.8,0
2023-03-01,2023,3,Estrela,21.0,0
2023-03-01,2023,3,Lumiar,14.8,0
2023-03-01,2023,3,Misericórdia,24.3,0
2023-03-01,2023,3,Parque das Nações,17.8,0
2023-03-01,2023,3,Penha de França,16.5,0
2023-03-01,2023,3,Santa Maria Maior,24.0,0
2023-03-01,2023,3,Santo António,25.0,0
2023-03-01,2023,3,São Domingos de Benfica,15.5,0
2023-03-01,2023,3,São Vicente,20.0,0
2023-04-01,2023,4,Alvalade,16.9,0
2023-04-01,2023,4,Areeiro,16.5,0
2023-04-01,2023,4,Arroios,20.4,0
2023-04-01,2023,4,Avenidas Novas,19.9,0
2023-04-01,2023,4,Belém,19.3,0
2023-04-01,2023,4,Benfica,15.3,0
2023-04-01,2023,4,Campo de Ourique,22.2,0
2023-04-01,2023,4,Campolide,18.6,0
2023-04-01,2023,4,Estrela,21.6,0
2023-04-01,2023,4,Lumiar,15.0,0
2023-04-01,2023,4,Misericórdia,25.1,0
2023-04-01,2023,4,Parque das Nações,18.1,0
2023-04-01,2023,4,Penha de França,17.0,0
2023-04-01,2023,4,Santa Maria Maior,24.3,0
2023-04-01,2023,4,Santo António,26.1,0
2023-04-01,2023,4,São Domingos de Benfica,15.8,0
2023-04-01,2023,4,São Vicente,20.6,0
2023-05-01,2023,5,Alvalade,16.6,0
2023-05-01,2023,5,Areeiro,17.0,0
2023-05-01,2023,5,Arroios,20.7,0
2023-05-01,2023,5,Avenidas Novas,20.5,0
2023-05-01,2023,5,Belém,19.6,0
2023-05-01,2023,5,Benfica,16.0,0
2023-05-01,2023,5,Campo de Ourique,22.9,0
2023-05-01,2023,5,Campolide,18.9,0
2023-05-01,2023,5,Estrela,22.0,0
2023-05-01,2023,5,Lumiar,15.2,0
2023-05-01,2023,5,Misericórdia,26.0,0
2023-05-01,2023,5,Parque das Nações,17.7,0
2023-05-01,2023,5,Penha de França,17.5,0
2023-05-01,2023,5,Santa Maria Maior,25.1,0
2023-05-01,2023,5,Santo António,27.2,0
2023-05-01,2023,5,São Domingos de Benfica,16.7,0
2023-05-01,2023,5,São Vicente,20.6,0
2023-06-01,2023,6,Alvalade,17.3,0
2023-06-01,2023,6,Areeiro,17.2,0
2023-06-01,2023,6,Arroios,21.7,0
2023-06-01,2023,6,Avenidas Novas,20.7,0
2023-06-01,2023,6,Belém,19.6,0
2023-06-01,2023,6,Benfica,16.2,0
2023-06-01,2023,6,Campo de Ourique,22.9,0
2023-06-01,2023,6,Campolide,19.4,0
2023-06-01,2023,6,Estrela,22.5,0
2023-06-01,2023,6,Lumiar,15.5,0
2023-06-01,2023,6,Misericórdia,25.1,0
2023-06-01,2023,6,Parque das Nações,18.6,0
2023-06-01,2023,6,Penha de França,18.2,0
2023-06-01,2023,6,Santa Maria Maior,25.9,0
2023-06-01,2023,6,Santo António,28.3,0
2023-06-01,2023,6,São Domingos de Benfica,16.9,0
2023-06-01,2023,6,São Vicente,20.6,0
2023-07-01,2023,7,Alvalade,17.5,0
2023-07-01,2023,7,Areeiro,17.6,0
2023-07-01,2023,7,Arroios,22.3,0
2023-07-01,2023,7,Avenidas Novas,21.4,0
2023-07-01,2023,7,Belém,19.2,0
2023-07-01,2023,7,Benfica,16.1,0
2023-07-01,2023,7,Campo de Ourique,23.0,0
2023-07-01,2023,7,Campolide,19.9,0
2023-07-01,2023,7,Estrela,23.3,0
2023-07-01,2023,7,Lumiar,16.2,0
2023-07-01,2023,7,Misericórdia,24.6,0
2023-07-01,2023,7,Parque das Nações,19.3,0
2023-07-01,2023,7,Penha de França,19.0,0
2023-07-01,2023,7,Santa Maria Maior,26.8,0
2023-07-01,2023,7,Santo António,27.5,0
2023-07-01,2023,7,São Domingos de Benfica,17.1,0
2023-07-01,2023,7,São Vicente,21.2,0
2023-08-01,2023,8,Alvalade,17.5,0
2023-08-01,2023,8,Areeiro,17.6,0
2023-08-01,2023,8,Arroios,23.0,0
2023-08-01,2023,8,Avenidas Novas,21.8,0
2023-08-01,2023,8,Belém,18.7,0
2023-08-01,2023,8,Benfica,16.1,0
2023-08-01,2023,8,Campo de Ourique,22.3,0
2023-08-01,2023,8,Campolide,20.4,0
2023-08-01,2023,8,Estrela,23.7,0
2023-08-01,2023,8,Lumiar,16.2,0
2023-08-01,2023,8,Misericórdia,25.4,0
2023-08-01,2023,8,Parque das Nações,19.5,0
2023-08-01,2023,8,Penha de França,19.7,0
2023-08-01,2023,8,Santa Maria Maior,26.9,0
2023-08-01,2023,8,Santo António,27.2,0
2023-08-01,2023,8,São Domingos de Benfica,17.3,0
2023-08-01,2023,8,São Vicente,21.9,0
2023-09-01,2023,9,Alvalade,18.0,0
2023-09-01,2023,9,Areeiro,17.8,0
2023-09-01,2023,9,Arroios,22.6,0
2023-09-01,2023,9,Avenidas Novas,21.9,0
2023-09-01,2023,9,Belém,20.2,0
2023-09-01,2023,9,Benfica,15.9,0
2023-09-01,2023,9,Campo de Ourique,22.3,0
2023-09-01,2023,9,Campolide,20.2,0
2023-09-01,2023,9,Estrela,24.3,0
2023-09-01,2023,9,Lumiar,15.9,0
2023-09-01,2023,9,Misericórdia,26.3,0
2023-09-01,2023,9,Parque das Nações,20.0,0
2023-09-01,2023,9,Penha de França,20.0,0
2023-09-01,2023,9,Santa Maria Maior,26.3,0
2023-09-01,2023,9,Santo António,27.5,0
2023-09-01,2023,9,São Domingos de Benfica,17.3,0
2023-09-01,2023,9,São Vicente,22.5,0
2023-10-01,2023,10,Alvalade,18.5,0
2023-10-01,2023,10,Areeiro,18.1,0
2023-10-01,2023,10,Arroios,22.4,0
2023-10-01,2023,10,Avenidas Novas,22.0,0
2023-10-01,2023,10,Belém,20.1,0
2023-10-01,2023,10,Benfica,16.8,0
2023-10-01,2023,10,Campo de Ourique,23.1,0
2023-10-01,2023,10,Campolide,19.5,0
2023-10-01,2023,10,Estrela,24.9,0
2023-10-01,2023,10,Lumiar,15.8,0
2023-10-01,2023,10,Misericórdia,26.1,0
2023-10-01,2023,10,Parque das Nações,19.7,0
2023-10-01,2023,10,Penha de França,20.1,0
2023-10-01,2023,10,Santa Maria Maior,26.3,0
2023-10-01,2023,10,Santo António,27.5,0
2023-10-01,2023,10,São Domingos de Benfica,17.7,0
2023-10-01,2023,10,São Vicente,21.6,0
2023-11-01,2023,11,Alvalade,19.0,0
2023-11-01,2023,11,Areeiro,18.6,0
2023-11-01,2023,11,Arroios,22.6,0
2023-11-01,2023,11,Avenidas Novas,22.0,0
2023-11-01,2023,11,Belém,19.8,0
2023-11-01,2023,11,Benfica,16.8,0
2023-11-01,2023,11,Campo de Ourique,21.9,0
2023-11-01,2023,11,Campolide,20.0,0
2023-11-01,2023,11,Estrela,24.4,0
2023-11-01,2023,11,Lumiar,15.7,0
2023-11-01,2023,11,Misericórdia,25.7,0
2023-11-01,2023,11,Parque das Nações,20.0,0
2023-11-01,2023,11,Penha de França,19.2,0
2023-11-01,2023,11,Santa Maria Maior,26.2,0
2023-11-01,2023,11,Santo António,26.7,0
2023-11-01,2023,11,São Domingos de Benfica,18.0,0
2023-11-01,2023,11,São Vicente,21.4,0
2023-12-01,2023,12,Alvalade,18.4,0
2023-12-01,2023,12,Areeiro,18.9,0
2023-12-01,2023,12,Arroios,23.2,0
2023-12-01,2023,12,Avenidas Novas,21.9,0
2023-12-01,2023,12,Belém,20.5,0
2023-12-01,2023,12,Benfica,16.7,0
2023-12-01,2023,12,Campo de Ourique,22.2,0
2023-12-01,2023,12,Campolide,20.5,0
2023-12-01,2023,12,Estrela,23.7,0
2023-12-01,2023,12,Lumiar,16.1,0
2023-12-01,2023,12,Misericórdia,25.1,0
2023-12-01,2023,12,Parque das Nações,20.0,0
2023-12-01,2023,12,Penha de França,19.5,0
2023-12-01,2023,12,Santa Maria Maior,26.6,0
2023-12-01,2023,12,Santo António,26.3,0
2023-12-01,2023,12,São Domingos de Benfica,18.0,0
2023-12-01,2023,12,São Vicente,21.9,0
2024-01-01,2024,1,Alvalade,19.4,0
2024-01-01,2024,1,Areeiro,19.1,0
2024-01-01,2024,1,Arroios,23.1,0
2024-01-01,2024,1,Avenidas Novas,21.8,0
2024-01-01,2024,1,Belém,20.4,0
2024-01-01,2024,1,Benfica,16.3,0
2024-01-01,2024,1,Campo de Ourique,22.7,0
2024-01-01,2024,1,Campolide,21.3,0
2024-01-01,2024,1,Estrela,23.6,0
2024-01-01,2024,1,Lumiar,16.4,0
2024-01-01,2024,1,Misericórdia,25.0,0
2024-01-01,2024,1,Parque das Nações,20.3,0
2024-01-01,2024,1,Penha de França,20.3,0
2024-01-01,2024,1,Santa Maria Maior,26.9,0
2024-01-01,2024,1,Santo António,26.0,0
2024-01-01,2024,1,São Domingos de Benfica,17.4,0
2024-01-01,2024,1,São Vicente,22.0,0
2024-02-01,2024,2,Alvalade,19.6,0
2024-02-01,2024,2,Areeiro,19.6,0
2024-02-01,2024,2,Arroios,23.1,0
2024-02-01,2024,2,Avenidas Novas,21.8,0
2024-02-01,2024,2,Belém,19.0,0
2024-02-01,2024,2,Benfica,17.0,0
2024-02-01,2024,2,Campo de Ourique,22.9,0
2024-02-01,2024,2,Campolide,22.1,0
2024-02-01,2024,2,Estrela,23.8,0
2024-02-01,2024,2,Lumiar,16.7,0
2024-02-01,2024,2,Misericórdia,25.7,0
2024-02-01,2024,2,Parque das Nações,19.4,0
2024-02-01,2024,2,Penha de França,20.9,0
2024-02-01,2024,2,Santa Maria Maior,27.3,0
2024-02-01,2024,2,Santo António,27.4,0
2024-02-01,2024,2,São Domingos de Benfica,17.4,0
2024-02-01,2024,2,São Vicente,22.1,0
2024-03-01,2024,3,Alvalade,19.3,0
2024-03-01,2024,3,Areeiro,19.6,0
2024-03-01,2024,3,Arroios,22.7,0
2024-03-01,2024,3,Avenidas Novas,21.6,0
2024-03-01,2024,3,Belém,19.0,0
2024-03-01,2024,3,Benfica,16.9,0
2024-03-01,2024,3,Campo de Ourique,22.6,0
2024-03-01,2024,3,Campolide,22.9,0
2024-03-01,2024,3,Estrela,23.8,0
2024-03-01,2024,3,Lumiar,16.5,0
2024-03-01,2024,3,Misericórdia,25.8,0
2024-03-01,2024,3,Parque das Nações,19.2,0
2024-03-01,2024,3,Penha de França,20.2,0
2024-03-01,2024,3,Santa Maria Maior,27.1,0
2024-03-01,2024,3,Santo António,28.2,0
2024-03-01,2024,3,São Domingos de Benfica,17.4,0
2024-03-01,2024,3,São Vicente,22.2,0
2024-04-01,2024,4,Alvalade,19.7,0
2024-04-01,2024,4,Areeiro,19.5,0
2024-04-01,2024,4,Arroios,22.7,0
2024-04-01,2024,4,Avenidas Novas,22.0,0
2024-04-01,2024,4,Belém,19.3,0
2024-04-01,2024,4,Benfica,17.1,0
2024-04-01,2024,4,Campo de Ourique,22.3,0
2024-04-01,2024,4,Campolide,23.5,0
2024-04-01,2024,4,Estrela,24.0,0
2024-04-01,2024,4,Lumiar,16.8,0
2024-04-01,2024,4,Misericórdia,26.3,0
2024-04-01,2024,4,Parque das Nações,19.2,0
2024-04-01,2024,4,Penha de França,19.8,0
2024-04-01,2024,4,Santa Maria Maior,27.0,0
2024-04-01,2024,4,Santo António,28.6,0
2024-04-01,2024,4,São Domingos de Benfica,17.7,0
2024-04-01,2024,4,São Vicente,22.2,0
2024-05-01,2024,5,Alvalade,19.2,0
2024-05-01,2024,5,Areeiro,19.2,0
2024-05-01,2024,5,Arroios,22.4,0
2024-05-01,2024,5,Avenidas Novas,22.0,0
2024-05-01,2024,5,Belém,19.6,0
2024-05-01,2024,5,Benfica,16.6,0
2024-05-01,2024,5,Campo de Ourique,22.5,0
2024-05-01,2024,5,Campolide,24.3,0
2024-05-01,2024,5,Estrela,24.4,0
2024-05-01,2024,5,Lumiar,16.7,0
2024-05-01,2024,5,Misericórdia,26.3,0
2024-05-01,2024,5,Parque das Nações,19.1,0
2024-05-01,2024,5,Penha de França,19.8,0
2024-05-01,2024,5,Santa Maria Maior,27.0,0
2024-05-01,2024,5,Santo António,28.5,0
2024-05-01,2024,5,São Domingos de Benfica,17.2,0
2024-05-01,2024,5,São Vicente,22.2,0
2024-06-01,2024,6,Alvalade,19.3,0
2024-06-01,2024,6,Areeiro,18.9,0
2024-06-01,2024,6,Arroios,22.5,0
2024-06-01,2024,6,Avenidas Novas,22.2,0
2024-06-01,2024,6,Belém,19.4,0
2024-06-01,2024,6,Benfica,17.3,0
2024-06-01,2024,6,Campo de Ourique,22.6,0
2024-06-01,2024,6,Campolide,22.9,0
2024-06-01,2024,6,Estrela,24.2,0
2024-06-01,2024,6,Lumiar,16.3,0
2024-06-01,2024,6,Misericórdia,26.7,0
2024-06-01,2024,6,Parque das Nações,18.7,0
2024-06-01,2024,6,Penha de França,20.2,0
2024-06-01,2024,6,Santa Maria Maior,27.5,0
2024-06-01,2024,6,Santo António,28.4,0
2024-06-01,2024,6,São Domingos de Benfica,16.9,0
2024-06-01,2024,6,São Vicente,22.2,0
2024-07-01,2024,7,Alvalade,19.0,0
2024-07-01,2024,7,Areeiro,19.3,0
2024-07-01,2024,7,Arroios,23.2,0
2024-07-01,2024,7,Avenidas Novas,22.2,0
2024-07-01,2024,7,Belém,19.8,0
2024-07-01,2024,7,Benfica,17.7,0
2024-07-01,2024,7,Campo de Ourique,22.8,0
2024-07-01,2024,7,Campolide,22.1,0
2024-07-01,2024,7,Estrela,23.8,0
2024-07-01,2024,7,Lumiar,16.4,0
2024-07-01,2024,7,Misericórdia,27.0,0
2024-07-01,2024,7,Parque das Nações,18.6,0
2024-07-01,2024,7,Penha de França,20.0,0
2024-07-01,2024,7,Santa Maria Maior,27.3,0
2024-07-01,2024,7,Santo António,28.2,0
2024-07-01,2024,7,São Domingos de Benfica,16.7,0
2024-07-01,2024,7,São Vicente,22.6,0
2024-08-01,2024,8,Alvalade,19.5,0
2024-08-01,2024,8,Areeiro,19.6,0
2024-08-01,2024,8,Arroios,23.3,0
2024-08-01,2024,8,Avenidas Novas,22.7,0
2024-08-01,2024,8,Belém,19.4,0
2024-08-01,2024,8,Benfica,17.6,0
2024-08-01,2024,8,Campo de Ourique,22.6,0
2024-08-01,2024,8,Campolide,22.1,0
2024-08-01,2024,8,Estrela,24.3,0
2024-08-01,2024,8,Lumiar,16.3,0
2024-08-01,2024,8,Misericórdia,25.7,0
2024-08-01,2024,8,Parque das Nações,18.7,0
2024-08-01,2024,8,Penha de França,19.9,0
2024-08-01,2024,8,Santa Maria Maior,26.2,0
2024-08-01,2024,8,Santo António,28.2,0
2024-08-01,2024,8,São Domingos de Benfica,17.4,0
2024-08-01,2024,8,São Vicente,21.8,0
2024-09-01,2024,9,Alvalade,20.0,0
2024-09-01,2024,9,Areeiro,19.9,0
2024-09-01,2024,9,Arroios,23.7,0
2024-09-01,2024,9,Avenidas Novas,23.2,0
2024-09-01,2024,9,Belém,19.7,0
2024-09-01,2024,9,Benfica,17.5,0
2024-09-01,2024,9,Campo de Ourique,22.5,0
2024-09-01,2024,9,Campolide,22.0,0
2024-09-01,2024,9,Estrela,24.6,0
2024-09-01,2024,9,Lumiar,16.5,0
2024-09-01,2024,9,Misericórdia,26.5,0
2024-09-01,2024,9,Parque das Nações,19.0,0
2024-09-01,2024,9,Penha de França,19.8,0
2024-09-01,2024,9,Santa Maria Maior,26.4,0
2024-09-01,2024,9,Santo António,28.5,0
2024-09-01,2024,9,São Domingos de Benfica,17.5,0
2024-09-01,2024,9,São Vicente,22.9,0
2024-10-01,2024,10,Alvalade,19.9,0
2024-10-01,2024,10,Areeiro,19.1,0
2024-10-01,2024,10,Arroios,23.7,0
2024-10-01,2024,10,Avenidas Novas,22.7,0
2024-10-01,2024,10,Belém,19.3,0
2024-10-01,2024,10,Benfica,17.2,0
2024-10-01,2024,10,Campo de Ourique,22.5,0
2024-10-01,2024,10,Campolide,21.4,0
2024-10-01,2024,10,Estrela,24.4,0
2024-10-01,2024,10,Lumiar,16.2,0
2024-10-01,2024,10,Misericórdia,26.2,0
2024-10-01,2024,10,Parque das Nações,18.6,0
2024-10-01,2024,10,Penha de França,20.0,0
2024-10-01,2024,10,Santa Maria Maior,26.4,0
2024-10-01,2024,10,Santo António,28.6,0
2024-10-01,2024,10,São Domingos de Benfica,17.6,0
2024-10-01,2024,10,São Vicente,22.9,0
2024-11-01,2024,11,Alvalade,19.2,0
2024-11-01,2024,11,Areeiro,18.4,0
2024-11-01,2024,11,Arroios,23.5,0
2024-11-01,2024,11,Avenidas Novas,22.5,0
2024-11-01,2024,11,Belém,19.1,0
2024-11-01,2024,11,Benfica,17.6,0
2024-11-01,2024,11,Campo de Ourique,22.9,0
2024-11-01,2024,11,Campolide,22.5,0
2024-11-01,2024,11,Estrela,24.3,0
2024-11-01,2024,11,Lumiar,16.1,0
2024-11-01,2024,11,Misericórdia,26.7,0
2024-11-01,2024,11,Parque das Nações,18.9,0
2024-11-01,2024,11,Penha de França,20.1,0
2024-11-01,2024,11,Santa Maria Maior,26.5,0
2024-11-01,2024,11,Santo António,28.3,0
2024-11-01,2024,11,São Domingos de Benfica,17.5,0
2024-11-01,2024,11,São Vicente,22.2,0
2024-12-01,2024,12,Alvalade,19.6,0
2024-12-01,2024,12,Areeiro,18.2,0
2024-12-01,2024,12,Arroios,22.8,0
2024-12-01,2024,12,Avenidas Novas,22.2,0
2024-12-01,2024,12,Belém,18.9,0
2024-12-01,2024,12,Benfica,17.5,0
2024-12-01,2024,12,Campo de Ourique,22.6,0
2024-12-01,2024,12,Campolide,23.2,0
2024-12-01,2024,12,Estrela,24.8,0
2024-12-01,2024,12,Lumiar,16.0,0
2024-12-01,2024,12,Misericórdia,27.2,0
2024-12-01,2024,12,Parque das Nações,19.0,0
2024-12-01,2024,12,Penha de França,19.7,0
2024-12-01,2024,12,Santa Maria Maior,26.6,0
2024-12-01,2024,12,Santo António,28.1,0
2024-12-01,2024,12,São Domingos de Benfica,17.4,0
2024-12-01,2024,12,São Vicente,22.4,0
2025-01-01,2025,1,Alvalade,19.4,0
2025-01-01,2025,1,Areeiro,19.4,0
2025-01-01,2025,1,Arroios,22.9,0
2025-01-01,2025,1,Avenidas Novas,21.9,0
2025-01-01,2025,1,Belém,19.3,0
2025-01-01,2025,1,Benfica,18.0,0
2025-01-01,2025,1,Campo de Ourique,22.2,0
2025-01-01,2025,1,Campolide,23.2,0
2025-01-01,2025,1,Estrela,24.7,0
2025-01-01,2025,1,Lumiar,16.1,0
2025-01-01,2025,1,Misericórdia,26.7,0
2025-01-01,2025,1,Parque das Nações,19.1,0
2025-01-01,2025,1,Penha de França,19.7,0
2025-01-01,2025,1,Santa Maria Maior,27.6,0
2025-01-01,2025,1,Santo António,27.8,0
2025-01-01,2025,1,São Domingos de Benfica,17.4,0
2025-01-01,2025,1,São Vicente,23.2,0
2025-02-01,2025,2,Alvalade,18.9,0
2025-02-01,2025,2,Areeiro,19.8,0
2025-02-01,2025,2,Arroios,22.8,0
2025-02-01,2025,2,Avenidas Novas,22.5,0
2025-02-01,2025,2,Belém,19.9,0
2025-02-01,2025,2,Benfica,17.8,0
2025-02-01,2025,2,Campo de Ourique,22.2,0
2025-02-01,2025,2,Campolide,22.2,0
2025-02-01,2025,2,Estrela,24.9,0
2025-02-01,2025,2,Lumiar,16.1,0
2025-02-01,2025,2,Misericórdia,26.3,0
2025-02-01,2025,2,Parque das Nações,18.7,0
2025-02-01,2025,2,Penha de França,19.7,0
2025-02-01,2025,2,Santa Maria Maior,26.9,0
2025-02-01,2025,2,Santo António,28.1,0
2025-02-01,2025,2,São Domingos de Benfica,17.1,0
2025-02-01,2025,2,São Vicente,23.7,0
2025-03-01,2025,3,Alvalade,19.0,0
2025-03-01,2025,3,Areeiro,19.7,0
2025-03-01,2025,3,Arroios,23.3,0
2025-03-01,2025,3,Avenidas Novas,21.8,0
2025-03-01,2025,3,Belém,20.0,0
2025-03-01,2025,3,Benfica,17.2,0
2025-03-01,2025,3,Campo de Ourique,22.2,0
2025-03-01,2025,3,Campolide,22.3,0
2025-03-01,2025,3,Estrela,24.9,0
2025-03-01,2025,3,Lumiar,16.1,0
2025-03-01,2025,3,Misericórdia,26.7,0
2025-03-01,2025,3,Parque das Nações,18.1,0
2025-03-01,2025,3,Penha de França,20.0,0
2025-03-01,2025,3,Santa Maria Maior,27.2,0
2025-03-01,2025,3,Santo António,28.3,0
2025-03-01,2025,3,São Domingos de Benfica,17.2,0
2025-03-01,2025,3,São Vicente,23.9,0
2025-04-01,2025,4,Alvalade,19.1,0
2025-04-01,2025,4,Areeiro,19.8,0
2025-04-01,2025,4,Arroios,23.8,0
2025-04-01,2025,4,Avenidas Novas,21.8,0
2025-04-01,2025,4,Belém,19.5,0
2025-04-01,2025,4,Benfica,17.5,0
2025-04-01,2025,4,Campo de Ourique,21.9,0
2025-04-01,2025,4,Campolide,23.2,0
2025-04-01,2025,4,Estrela,25.0,0
2025-04-01,2025,4,Lumiar,16.3,0
2025-04-01,2025,4,Misericórdia,27.5,0
2025-04-01,2025,4,Parque das Nações,18.4,0
2025-04-01,2025,4,Penha de França,20.2,0
2025-04-01,2025,4,Santa Maria Maior,28.1,0
2025-04-01,2025,4,Santo António,28.7,0
2025-04-01,2025,4,São Domingos de Benfica,17.2,0
2025-04-01,2025,4,São Vicente,23.9,0
2025-05-01,2025,5,Alvalade,20.0,0
2025-05-01,2025,5,Areeiro,19.3,0
2025-05-01,2025,5,Arroios,23.6,0
2025-05-01,2025,5,Avenidas Novas,21.8,0
2025-05-01,2025,5,Belém,18.8,0
2025-05-01,2025,5,Benfica,18.1,0
2025-05-01,2025,5,Campo de Ourique,22.0,0
2025-05-01,2025,5,Campolide,23.0,0
2025-05-01,2025,5,Estrela,25.2,0
2025-05-01,2025,5,Lumiar,16.3,0
2025-05-01,2025,5,Misericórdia,27.5,0
2025-05-01,2025,5,Parque das Nações,18.9,0
2025-05-01,2025,5,Penha de França,20.2,0
2025-05-01,2025,5,Santa Maria Maior,28.0,0
2025-05-01,2025,5,Santo António,28.8,0
2025-05-01,2025,5,São Domingos de Benfica,17.2,0
2025-05-01,2025,5,São Vicente,23.8,0
2025-06-01,2025,6,Alvalade,19.4,0
2025-06-01,2025,6,Areeiro,18.7,0
2025-06-01,2025,6,Arroios,23.1,0
2025-06-01,2025,6,Avenidas Novas,21.8,0
2025-06-01,2025,6,Belém,19.0,0
2025-06-01,2025,6,Benfica,18.3,0
2025-06-01,2025,6,Campo de Ourique,22.1,0
2025-06-01,2025,6,Campolide,22.5,0
2025-06-01,2025,6,Estrela,25.0,0
2025-06-01,2025,6,Lumiar,16.3,0
2025-06-01,2025,6,Misericórdia,27.2,0
2025-06-01,2025,6,Parque das Nações,19.0,0
2025-06-01,2025,6,Penha de França,20.2,0
2025-06-01,2025,6,Santa Maria Maior,28.0,0
2025-06-01,2025,6,Santo António,28.4,0
2025-06-01,2025,6,São Domingos de Benfica,17.7,0
2025-06-01,2025,6,São Vicente,23.9,0
2025-07-01,2025,7,Alvalade,20.0,0
2025-07-01,2025,7,Areeiro,18.6,0
2025-07-01,2025,7,Arroios,22.7,0
2025-07-01,2025,7,Avenidas Novas,21.4,0
2025-07-01,2025,7,Belém,18.9,0
2025-07-01,2025,7,Benfica,17.7,0
2025-07-01,2025,7,Campo de Ourique,22.1,0
2025-07-01,2025,7,Campolide,21.8,0
2025-07-01,2025,7,Estrela,24.7,0
2025-07-01,2025,7,Lumiar,16.3,0
2025-07-01,2025,7,Misericórdia,27.3,0
2025-07-01,2025,7,Parque das Nações,19.1,0
2025-07-01,2025,7,Penha de França,20.2,0
2025-07-01,2025,7,Santa Maria Maior,28.0,0
2025-07-01,2025,7,Santo António,28.9,0
2025-07-01,2025,7,São Domingos de Benfica,18.0,0
2025-07-01,2025,7,São Vicente,23.8,0
2025-08-01,2025,8,Alvalade,20.0,0
2025-08-01,2025,8,Areeiro,19.1,0
2025-08-01,2025,8,Arroios,23.4,0
2025-08-01,2025,8,Avenidas Novas,21.3,0
2025-08-01,2025,8,Belém,19.6,0
2025-08-01,2025,8,Benfica,18.2,0
2025-08-01,2025,8,Campo de Ourique,22.4,0
2025-08-01,2025,8,Campolide,21.7,0
2025-08-01,2025,8,Estrela,24.6,0
2025-08-01,2025,8,Lumiar,16.3,0
2025-08-01,2025,8,Misericórdia,27.3,0
2025-08-01,2025,8,Parque das Nações,19.1,0
2025-08-01,2025,8,Penha de França,20.8,0
2025-08-01,2025,8,Santa Maria Maior,28.6,0
2025-08-01,2025,8,Santo António,29.0,0
2025-08-01,2025,8,São Domingos de Benfica,17.8,0
2025-08-01,2025,8,São Vicente,23.6,0
2025-09-01,2025,9,Alvalade,20.4,0
2025-09-01,2025,9,Areeiro,19.9,0
2025-09-01,2025,9,Arroios,23.2,0
2025-09-01,2025,9,Avenidas Novas,21.9,0
2025-09-01,2025,9,Belém,20.2,1
2025-09-01,2025,9,Benfica,18.2,0
2025-09-01,2025,9,Campo de Ourique,22.4,0
2025-09-01,2025,9,Campolide,21.6,0
2025-09-01,2025,9,Estrela,25.0,0
2025-09-01,2025,9,Lumiar,16.3,0
2025-09-01,2025,9,Misericórdia,27.1,0
2025-09-01,2025,9,Parque das Nações,19.8,0
2025-09-01,2025,9,Penha de França,20.9,0
2025-09-01,2025,9,Santa Maria Maior,28.6,0
2025-09-01,2025,9,Santo António,29.1,0
2025-09-01,2025,9,São Domingos de Benfica,17.9,0
2025-09-01,2025,9,São Vicente,23.5,0
2025-10-01,2025,10,Alvalade,20.9,0
2025-10-01,2025,10,Areeiro,20.0,0
2025-10-01,2025,10,Arroios,24.0,0
2025-10-01,2025,10,Avenidas Novas,22.7,0
2025-10-01,2025,10,Belém,20.8,1
2025-10-01,2025,10,Benfica,18.3,0
2025-10-01,2025,10,Campo de Ourique,22.6,0
2025-10-01,2025,10,Campolide,21.7,0
2025-10-01,2025,10,Estrela,25.6,0
2025-10-01,2025,10,Lumiar,16.5,0
2025-10-01,2025,10,Misericórdia,27.6,0
2025-10-01,2025,10,Parque das Nações,20.0,0
2025-10-01,2025,10,Penha de França,20.8,0
2025-10-01,2025,10,Santa Maria Maior,28.9,0
2025-10-01,2025,10,Santo António,29.2,0
2025-10-01,2025,10,São Domingos de Benfica,17.7,0
2025-10-01,2025,10,São Vicente,24.5,0
2025-11-01,2025,11,Alvalade,20.4,0
2025-11-01,2025,11,Areeiro,19.6,0
2025-11-01,2025,11,Arroios,23.6,0
2025-11-01,2025,11,Avenidas Novas,22.7,0
2025-11-01,2025,11,Belém,21.4,0
2025-11-01,2025,11,Benfica,18.1,0
2025-11-01,2025,11,Campo de Ourique,22.3,0
2025-11-01,2025,11,Campolide,22.3,0
2025-11-01,2025,11,Estrela,25.0,0
2025-11-01,2025,11,Lumiar,16.5,0
2025-11-01,2025,11,Misericórdia,27.3,0
2025-11-01,2025,11,Parque das Nações,20.0,0
2025-11-01,2025,11,Penha de França,20.0,0
2025-11-01,2025,11,Santa Maria Maior,27.9,0
2025-11-01,2025,11,Santo António,28.3,0
2025-11-01,2025,11,São Domingos de Benfica,17.8,0
2025-11-01,2025,11,São Vicente,24.3,0
